scenario,strategy,replicate,generation,population_size,number_phenotyped,phenotyping_fraction,replications,phenotyping_cost_units,training_population_size,prediction_accuracy,number_of_selected_parents,population_mean_gv_before,population_variance_gv_before,selected_parent_mean_gv,selection_differential,next_generation_mean_gv,next_generation_variance_gv,realized_genetic_gain,selection_seconds,cycle_seconds,run_seed,scenario_heritability,scenario_number_to_phenotype,scenario_number_of_parents,scenario_number_of_generations,oracle_chosen_strategy,initial_batch_size,model_score_batch_size,model_score,selected_by_uncertainty,initial_model_accuracy,final_model_accuracy,uncertainty_batch_size
h2_0.20_budget_200_parents_20,oracle_switching,1,1,1000,200,0.2,1,200,200,0.3249793095182585,20,-0.13314627914244168,0.9430240904123077,1.6489739677191095,1.7821202468615511,1.641840567458252,0.5121410823756399,1.7749868466006935,,,30001,0.2,200,20,8,diversity_sampling,,,,,,,
h2_0.20_budget_200_parents_20,oracle_switching,1,2,1000,200,0.2,1,200,200,0.46860878812478746,20,1.641840567458252,0.5121410823756399,1.0385840870775895,-0.6032564803806624,2.7366216610013243,0.4013856029554274,1.0947810935430724,0.23941744401236065,0.31951435198425315,30001,0.2,200,20,8,highest_gebv,50.0,150.0,predicted_gebv,False,0.39938773910741204,0.46860878812478746,
h2_0.20_budget_200_parents_20,oracle_switching,1,3,1000,200,0.2,1,200,200,0.5045063632838155,20,2.7366216610013243,0.4013856029554274,0.7616769835277615,-1.9749446774735628,3.522431650034343,0.1856171616667552,0.7858099890330186,0.14843346600537188,0.22019325499422848,30001,0.2,200,20,8,highest_gebv,50.0,150.0,predicted_gebv,False,0.4140913360121467,0.5045063632838155,
h2_0.20_budget_200_parents_20,oracle_switching,1,4,1000,200,0.2,1,200,200,0.49952631446562695,20,3.522431650034343,0.1856171616667552,0.6829354326216882,-2.8394962174126546,4.227099091475368,0.050704828905509335,0.7046674414410248,0.09968778898473829,0.18262506899191067,30001,0.2,200,20,8,highest_gebv,50.0,150.0,predicted_gebv,False,0.2164258411358883,0.49952631446562695,
h2_0.20_budget_200_parents_20,oracle_switching,1,5,1000,200,0.2,1,200,200,0.4455463641163373,20,4.227099091475368,0.050704828905509335,0.19758719363744887,-4.029511897837919,4.423555209883987,0.018351869909571075,0.19645611840861932,0.06489789602346718,0.14890575999743305,30001,0.2,200,20,8,highest_gebv,50.0,150.0,predicted_gebv,False,0.1617643298848693,0.4455463641163373,
h2_0.20_budget_200_parents_20,oracle_switching,1,6,1000,200,0.2,1,200,200,0.12545035842104638,20,4.423555209883987,0.018351869909571075,4.487337514128159,0.06378230424417186,4.480206660638098,0.034647297417069706,0.05665145075411093,,,30001,0.2,200,20,8,diversity_sampling,,,,,,,
h2_0.20_budget_200_parents_20,oracle_switching,1,7,1000,200,0.2,1,200,200,0.5685577241986809,20,4.480206660638098,0.034647297417069706,4.771251573591752,0.2910449129536543,4.7671310385670065,0.011603494677191307,0.28692437792890857,,,30001,0.2,200,20,8,diversity_sampling,,,,,,,
h2_0.20_budget_200_parents_20,oracle_switching,1,8,1000,200,0.2,1,200,200,0.27978131313815335,20,4.7671310385670065,0.011603494677191307,4.859113752658996,0.09198271409198977,4.8614770618420495,0.0023759172281980906,0.09434602327504304,,,30001,0.2,200,20,8,diversity_sampling,,,,,,,
h2_0.20_budget_200_parents_20,oracle_switching,2,1,1000,200,0.2,1,200,200,0.3851738658868209,20,-0.13314627914244168,0.9430240904123077,1.0781865528221348,1.2113328319645764,1.0958337606720656,0.7788763695491534,1.2289800398145072,,,30002,0.2,200,20,8,diversity_sampling,,,,,,,
h2_0.20_budget_200_parents_20,oracle_switching,2,2,1000,200,0.2,1,200,200,0.493695479893861,20,1.0958337606720656,0.7788763695491534,2.381806741005513,1.2859729803334474,2.340654083552074,0.6157239660195206,1.2448203228800083,,,30002,0.2,200,20,8,diversity_sampling,,,,,,,
h2_0.20_budget_200_parents_20,oracle_switching,2,3,1000,200,0.2,1,200,200,0.35649224372644117,20,2.340654083552074,0.6157239660195206,0.9574921373684194,-1.3831619461836544,3.2969970771343178,0.45055209067041085,0.9563429935822438,0.1864644039887935,0.2712107510014903,30002,0.2,200,20,8,highest_gebv,50.0,150.0,predicted_gebv,False,0.35686443522255634,0.35649224372644117,
h2_0.20_budget_200_parents_20,oracle_switching,2,4,1000,200,0.2,1,200,200,0.5607016875771176,20,3.296997077134318,0.45055209067041085,4.565912583997812,1.2689155068634936,4.572949142003111,0.42994579377781883,1.2759520648687928,,,30002,0.2,200,20,8,random_sampling,,,,,,,
h2_0.20_budget_200_parents_20,oracle_switching,2,5,1000,200,0.2,1,200,200,0.5528097094385187,20,4.572949142003112,0.4299457937778189,1.0152036044625266,-3.557745537540585,5.5850009607436695,0.1462045648042741,1.0120518187405576,0.28732332499930635,0.3723280300037004,30002,0.2,200,20,8,active_learning_pev,50.0,,,True,0.22233983057177,0.5528097094385187,150.0
h2_0.20_budget_200_parents_20,oracle_switching,2,6,1000,200,0.2,1,200,200,0.19960880283458368,20,5.5850009607436695,0.1462045648042741,0.1755492053363848,-5.409451755407285,5.775955046426271,0.08519209795612408,0.19095408568260108,0.3229255590122193,0.42648599899257533,30002,0.2,200,20,8,active_learning_pev,50.0,,,True,-0.15913414527725758,0.19960880283458368,150.0
h2_0.20_budget_200_parents_20,oracle_switching,2,7,1000,200,0.2,1,200,200,0.3917760683833831,20,5.77595504642627,0.08519209795612406,6.08003155857921,0.30407651215294074,6.098328275925733,0.059940849667125935,0.3223732294994637,,,30002,0.2,200,20,8,diversity_sampling,,,,,,,
h2_0.20_budget_200_parents_20,oracle_switching,2,8,1000,200,0.2,1,200,200,0.3560506729444345,20,6.098328275925733,0.05994084966712593,0.15481872092909205,-5.943509554996641,6.248684276725614,0.02001190955687023,0.15035600079988054,0.2564055449911393,0.35972262400900945,30002,0.2,200,20,8,active_learning_pev,50.0,,,True,0.1681078202919512,0.3560506729444345,150.0
h2_0.20_budget_200_parents_20,oracle_switching,3,1,1000,200,0.2,1,200,200,0.36291529365331193,20,-0.13314627914244165,0.9430240904123077,1.6526435131704318,1.7857897923128734,1.4945878136157424,0.6556086421033693,1.627734092758184,0.3219716809981037,0.4339748930069618,30003,0.2,200,20,8,highest_gebv,50.0,150.0,predicted_gebv,False,0.27951956676895356,0.36291529365331193,
h2_0.20_budget_200_parents_20,oracle_switching,3,2,1000,200,0.2,1,200,200,0.45048129296353046,20,1.4945878136157424,0.6556086421033693,0.9705603253519695,-0.524027488263773,2.4774744238725845,0.4728066956696268,0.9828866102568421,0.4785499009885825,0.5733657109958585,30003,0.2,200,20,8,active_learning_pev,50.0,,,True,0.36126697112557116,0.45048129296353046,150.0
h2_0.20_budget_200_parents_20,oracle_switching,3,3,1000,200,0.2,1,200,200,0.4419062255080318,20,2.4774744238725845,0.4728066956696268,3.593081437921879,1.1156070140492944,3.604229171886679,0.21905445797517864,1.1267547480140943,,,30003,0.2,200,20,8,fixed_sampling,,,,,,,
h2_0.20_budget_200_parents_20,oracle_switching,3,4,1000,200,0.2,1,200,200,0.09309806621892829,20,3.604229171886679,0.21905445797517864,4.050627994841339,0.4463988229546598,4.048782248083808,0.07242121138089955,0.444553076197129,,,30003,0.2,200,20,8,fixed_sampling,,,,,,,
h2_0.20_budget_200_parents_20,oracle_switching,3,5,1000,200,0.2,1,200,200,0.28000805738667783,20,4.048782248083808,0.07242121138089955,0.24556898681098516,-3.8032132612728224,4.306633330759525,0.020267105709581523,0.25785108267571744,0.07017491600709036,0.1528146030032076,30003,0.2,200,20,8,highest_gebv,50.0,150.0,predicted_gebv,False,0.25271139562073053,0.28000805738667783,
h2_0.20_budget_200_parents_20,oracle_switching,3,6,1000,200,0.2,1,200,200,0.09036998072379883,20,4.306633330759525,0.02026710570958152,4.362715118346798,0.05608178758727256,4.367846505066558,0.00967733128845968,0.061213174307032325,,,30003,0.2,200,20,8,fixed_sampling,,,,,,,
h2_0.20_budget_200_parents_20,oracle_switching,3,7,1000,200,0.2,1,200,200,0.3554655372818869,20,4.367846505066558,0.009677331288459682,0.13108393569263954,-4.236762569373918,4.502026116491752,0.007774724953986697,0.13417961142519452,0.0429750100011006,0.12645083299139515,30003,0.2,200,20,8,highest_gebv,50.0,150.0,predicted_gebv,False,0.23703174991346573,0.3554655372818869,
h2_0.20_budget_200_parents_20,oracle_switching,3,8,1000,200,0.2,1,200,200,0.3191124571025474,20,4.502026116491751,0.007774724953986698,4.570783176321631,0.06875705982987945,4.570783176321631,0.0,0.06875705982987945,,,30003,0.2,200,20,8,fixed_sampling,,,,,,,
h2_0.40_budget_200_parents_20,oracle_switching,1,1,1000,200,0.2,1,200,200,0.5193805050481294,20,-0.13314627914244165,0.9430240904123077,1.4840225467174908,1.6171688258599324,1.3905831921888754,0.709363832334793,1.523729471331317,0.2948125929979142,0.38703352501033805,31001,0.4,200,20,8,highest_gebv,50.0,150.0,predicted_gebv,False,0.36986618871153815,0.5193805050481294,
h2_0.40_budget_200_parents_20,oracle_switching,1,2,1000,200,0.2,1,200,200,0.5949536563526951,20,1.3905831921888754,0.7093638323347932,2.5742913047495968,1.1837081125607214,2.6084922840613185,0.5616968698624304,1.2179090918724431,,,31001,0.4,200,20,8,fixed_sampling,,,,,,,
h2_0.40_budget_200_parents_20,oracle_switching,1,3,1000,200,0.2,1,200,200,0.5490643938181621,20,2.608492284061319,0.5616968698624304,1.0407562813922313,-1.5677360026690876,3.65166566302213,0.3870839228765372,1.043173378960811,0.18556583099416457,0.266933239006903,31001,0.4,200,20,8,highest_gebv,50.0,150.0,predicted_gebv,False,0.21671441606669378,0.5490643938181621,
h2_0.40_budget_200_parents_20,oracle_switching,1,4,1000,200,0.2,1,200,200,0.4796020758230153,20,3.65166566302213,0.3870839228765372,4.453673283328464,0.802007620306334,4.429129295780761,0.37357513644155693,0.7774636327586313,,,31001,0.4,200,20,8,diversity_sampling,,,,,,,
h2_0.40_budget_200_parents_20,oracle_switching,1,5,1000,200,0.2,1,200,200,0.7181005948668959,20,4.429129295780761,0.37357513644155693,5.200378402296992,0.7712491065162306,5.189466074648979,0.13170389332132232,0.7603367788682176,,,31001,0.4,200,20,8,fixed_sampling,,,,,,,
h2_0.40_budget_200_parents_20,oracle_switching,1,6,1000,200,0.2,1,200,200,0.5994639589491471,20,5.189466074648979,0.13170389332132232,5.871530500141661,0.6820644254926824,5.8866263472567475,0.057396775301135,0.6971602726077686,,,31001,0.4,200,20,8,diversity_sampling,,,,,,,
h2_0.40_budget_200_parents_20,oracle_switching,1,7,1000,200,0.2,1,200,200,0.4226063212704311,20,5.886626347256748,0.057396775301135,0.3094075898152208,-5.5772187574415275,6.190363219092531,0.034223285488659355,0.3037368718357829,0.08007937698857859,0.17133865499636158,31001,0.4,200,20,8,highest_gebv,50.0,150.0,predicted_gebv,False,0.13377264522600504,0.4226063212704311,
h2_0.40_budget_200_parents_20,oracle_switching,1,8,1000,200,0.2,1,200,200,0.3111093817060057,20,6.190363219092531,0.034223285488659355,0.14683296262633766,-6.043530256466194,6.33640729166543,0.01123893580216187,0.14604407257289864,0.23888119700131938,0.33435142700909637,31001,0.4,200,20,8,active_learning_pev,50.0,,,True,-0.0036356210159959688,0.3111093817060057,150.0
h2_0.40_budget_200_parents_20,oracle_switching,2,1,1000,200,0.2,1,200,200,0.4701074412692377,20,-0.13314627914244165,0.9430240904123077,1.898824867156413,2.031971146298855,1.7842053891435368,0.46278285776068356,1.9173516682859784,0.4344017269904725,0.5259961129922885,31002,0.4,200,20,8,active_learning_pev,50.0,,,True,0.32565461758736874,0.4701074412692377,150.0
h2_0.40_budget_200_parents_20,oracle_switching,2,2,1000,200,0.2,1,200,200,0.5625047224385066,20,1.784205389143537,0.46278285776068356,2.7007023208443743,0.9164969317008373,2.780060316126991,0.40078867153902337,0.995854926983454,,,31002,0.4,200,20,8,diversity_sampling,,,,,,,
h2_0.40_budget_200_parents_20,oracle_switching,2,3,1000,200,0.2,1,200,200,0.6181198604236123,20,2.780060316126991,0.40078867153902337,3.8884001975865576,1.1083398814595666,3.875349295718689,0.27927281967308787,1.095288979591698,,,31002,0.4,200,20,8,fixed_sampling,,,,,,,
h2_0.40_budget_200_parents_20,oracle_switching,2,4,1000,200,0.2,1,200,200,0.6006881265953848,20,3.875349295718689,0.27927281967308787,4.7564341277479,0.8810848320292108,4.76844131802117,0.1509726264131835,0.8930920223024814,,,31002,0.4,200,20,8,fixed_sampling,,,,,,,
h2_0.40_budget_200_parents_20,oracle_switching,2,5,1000,200,0.2,1,200,200,0.5569185910115382,20,4.76844131802117,0.15097262641318349,0.5857429827561222,-4.182698335265048,5.353007654243544,0.07313695857456941,0.5845663362223732,0.10503364499891177,0.19641526200575754,31002,0.4,200,20,8,highest_gebv,50.0,150.0,predicted_gebv,False,0.23543037024139601,0.5569185910115382,
h2_0.40_budget_200_parents_20,oracle_switching,2,6,1000,200,0.2,1,200,200,0.2798510104936362,20,5.353007654243544,0.07313695857456941,0.24855569650677295,-5.104451957736771,5.596557537220766,0.053014499013555864,0.2435498829772227,0.07396464599878527,0.1610258540022187,31002,0.4,200,20,8,highest_gebv,50.0,150.0,predicted_gebv,False,0.12764580646109644,0.2798510104936362,
h2_0.40_budget_200_parents_20,oracle_switching,2,7,1000,200,0.2,1,200,200,0.37953103473989797,20,5.596557537220766,0.053014499013555864,0.2315142365217214,-5.365043300699045,5.831984744546324,0.02867382859297439,0.2354272073255581,0.26168239398975857,0.3536557829938829,31002,0.4,200,20,8,active_learning_pev,50.0,,,True,0.17061602937714293,0.37953103473989797,150.0
h2_0.40_budget_200_parents_20,oracle_switching,2,8,1000,200,0.2,1,200,200,0.23709748285734408,20,5.831984744546324,0.02867382859297439,0.11179009984284112,-5.720194644703484,5.943765406800514,0.007040559811318788,0.1117806622541897,0.04844137898180634,0.1376081759808585,31002,0.4,200,20,8,highest_gebv,50.0,150.0,predicted_gebv,False,0.15264677401917157,0.23709748285734408,
h2_0.40_budget_200_parents_20,oracle_switching,3,1,1000,200,0.2,1,200,200,0.4802095660957204,20,-0.13314627914244165,0.9430240904123077,1.9163501442017403,2.049496423344182,1.7814590851596932,0.4047670361575091,1.9146053643021348,0.4740668649901636,0.5728832129971124,31003,0.4,200,20,8,active_learning_pev,50.0,,,True,0.3093737373643339,0.4802095660957204,150.0
h2_0.40_budget_200_parents_20,oracle_switching,3,2,1000,200,0.2,1,200,200,0.46591264445398306,20,1.7814590851596932,0.4047670361575091,0.7411969381606118,-1.0402621469990814,2.530670613316836,0.45707252168462376,0.749211528157143,0.23910369302029721,0.31284206398413517,31003,0.4,200,20,8,highest_gebv,50.0,150.0,predicted_gebv,False,0.25135623737137214,0.46591264445398306,
h2_0.40_budget_200_parents_20,oracle_switching,3,3,1000,200,0.2,1,200,200,0.5491643673041661,20,2.530670613316836,0.45707252168462376,1.0152605034161006,-1.5154101099007355,3.5453272158916107,0.22190512417597266,1.0146566025747745,0.17322694099857472,0.2689854869968258,31003,0.4,200,20,8,highest_gebv,50.0,150.0,predicted_gebv,False,0.2742282931787202,0.5491643673041661,
h2_0.40_budget_200_parents_20,oracle_switching,3,4,1000,200,0.2,1,200,200,0.5899032059580609,20,3.5453272158916107,0.22190512417597266,0.7831209438724515,-2.762206272019159,4.334354079287555,0.03505800342013261,0.7890268633959439,0.12033355698804371,0.24116633500671014,31003,0.4,200,20,8,highest_gebv,50.0,150.0,predicted_gebv,False,0.39721003985054637,0.5899032059580609,
h2_0.40_budget_200_parents_20,oracle_switching,3,5,1000,200,0.2,1,200,200,0.4028611946044998,20,4.334354079287555,0.03505800342013261,0.1690569943010987,-4.165297084986456,4.507814791155883,0.025186748635314362,0.17346071186832823,0.06388367200270295,0.1487791279796511,31003,0.4,200,20,8,highest_gebv,50.0,150.0,predicted_gebv,False,0.3660200894506332,0.4028611946044998,
h2_0.40_budget_200_parents_20,oracle_switching,3,6,1000,200,0.2,1,200,200,0.36089685556426393,20,4.507814791155883,0.025186748635314362,0.09651353835908823,-4.411301252796795,4.601946172169275,0.014775383898528728,0.09413138101339236,0.04313763999380171,0.13555521998205222,31003,0.4,200,20,8,highest_gebv,50.0,150.0,predicted_gebv,False,0.1852258277137822,0.36089685556426393,
h2_0.40_budget_200_parents_20,oracle_switching,3,7,1000,200,0.2,1,200,200,0.33439784402246436,20,4.601946172169275,0.014775383898528728,0.1103214670835115,-4.491624705085764,4.716182782696861,0.007730509714917508,0.11423661052758582,0.047527412010822445,0.13548863100004382,31003,0.4,200,20,8,highest_gebv,50.0,150.0,predicted_gebv,False,0.15179271273263842,0.33439784402246436,
h2_0.40_budget_200_parents_20,oracle_switching,3,8,1000,200,0.2,1,200,200,0.20102929140190054,20,4.716182782696861,0.007730509714917508,4.731849791818545,0.015667009121684394,4.720943864656264,0.0059142973923645755,0.004761081959403057,,,31003,0.4,200,20,8,random_sampling,,,,,,,
h2_0.70_budget_200_parents_20,oracle_switching,1,1,1000,200,0.2,1,200,200,0.568758312889005,20,-0.13314627914244165,0.9430240904123077,2.0573215499822206,2.190467829124662,1.9028695483020053,0.5241354683094959,2.036015827444447,0.28514732100302354,0.3666867049760185,32001,0.7,200,20,8,highest_gebv,50.0,150.0,predicted_gebv,False,0.40201149435951594,0.568758312889005,
h2_0.70_budget_200_parents_20,oracle_switching,1,2,1000,200,0.2,1,200,200,0.6272432645752862,20,1.9028695483020055,0.5241354683094959,3.2931710118712916,1.390301463569286,3.311172532015356,0.4564455267730993,1.4083029837133507,,,32001,0.7,200,20,8,diversity_sampling,,,,,,,
h2_0.70_budget_200_parents_20,oracle_switching,1,3,1000,200,0.2,1,200,200,0.685652083961899,20,3.311172532015356,0.4564455267730993,4.254984456678839,0.9438119246634828,4.238935418487366,0.262269154446585,0.92776288647201,,,32001,0.7,200,20,8,random_sampling,,,,,,,
h2_0.70_budget_200_parents_20,oracle_switching,1,4,1000,200,0.2,1,200,200,0.5968381219818456,20,4.238935418487366,0.262269154446585,0.9169486959554973,-3.321986722531869,5.176820838211308,0.17270959291392354,0.9378854197239415,0.16507578300661407,0.2428020630031824,32001,0.7,200,20,8,highest_gebv,50.0,150.0,predicted_gebv,False,0.44945865950251596,0.5968381219818456,
h2_0.70_budget_200_parents_20,oracle_switching,1,5,1000,200,0.2,1,200,200,0.5407410727973095,20,5.176820838211308,0.17270959291392354,0.6531694672838724,-4.5236513709274355,5.8466962960526825,0.10046499942863148,0.6698754578413748,0.3230362019967288,0.3995392950018868,32001,0.7,200,20,8,active_learning_pev,50.0,,,True,0.332525534086223,0.5407410727973095,150.0
h2_0.70_budget_200_parents_20,oracle_switching,1,6,1000,200,0.2,1,200,200,0.5134348747351578,20,5.8466962960526825,0.10046499942863148,0.33342768101688103,-5.513268615035802,6.166808594951573,0.025387542071887422,0.3201122988988905,0.1161825220042374,0.20714109498658217,32001,0.7,200,20,8,highest_gebv,50.0,150.0,predicted_gebv,False,0.35894860995867556,0.5134348747351578,
h2_0.70_budget_200_parents_20,oracle_switching,1,7,1000,200,0.2,1,200,200,0.6310772140835423,20,6.166808594951572,0.02538754207188742,6.366641108778855,0.19983251382728273,6.354683729581338,0.013933208594383845,0.18787513462976602,,,32001,0.7,200,20,8,diversity_sampling,,,,,,,
h2_0.70_budget_200_parents_20,oracle_switching,1,8,1000,200,0.2,1,200,200,0.3602893734684414,20,6.354683729581337,0.013933208594383845,0.15148041719561728,-6.20320331238572,6.502895901692149,0.008631337511392292,0.14821217211081184,0.2682899859792087,0.3653602839913219,32001,0.7,200,20,8,active_learning_pev,50.0,,,True,0.05247942747020392,0.3602893734684414,150.0
h2_0.70_budget_200_parents_20,oracle_switching,2,1,1000,200,0.2,1,200,200,0.6058412517327518,20,-0.13314627914244165,0.9430240904123077,2.0199492651351627,2.1530955442776043,1.902751741666915,0.48541110608302623,2.035898020809357,0.2918136579974089,0.3773676700075157,32002,0.7,200,20,8,highest_gebv,50.0,150.0,predicted_gebv,False,0.3931970128219808,0.6058412517327518,
h2_0.70_budget_200_parents_20,oracle_switching,2,2,1000,200,0.2,1,200,200,0.5433266875876185,20,1.902751741666915,0.48541110608302623,1.240667251157555,-0.6620844905093601,3.106408501950831,0.5250835944379217,1.203656760283916,0.2106893809977919,0.30024023598525673,32002,0.7,200,20,8,highest_gebv,50.0,150.0,predicted_gebv,False,0.28665345045860197,0.5433266875876185,
h2_0.70_budget_200_parents_20,oracle_switching,2,3,1000,200,0.2,1,200,200,0.7071387025617404,20,3.106408501950831,0.5250835944379217,4.488034789291413,1.3816262873405822,4.489693682092961,0.46620965740031756,1.3832851801421295,,,32002,0.7,200,20,8,diversity_sampling,,,,,,,
h2_0.70_budget_200_parents_20,oracle_switching,2,4,1000,200,0.2,1,200,200,0.6902112105896621,20,4.489693682092961,0.4662096574003175,1.24544777251724,-3.244245909575721,5.7442739689444435,0.13887134053561281,1.2545802868514828,0.16911293799057603,0.24565533600980416,32002,0.7,200,20,8,highest_gebv,50.0,150.0,predicted_gebv,False,0.48758290987635333,0.6902112105896621,
h2_0.70_budget_200_parents_20,oracle_switching,2,5,1000,200,0.2,1,200,200,0.5498171620576561,20,5.7442739689444435,0.13887134053561281,6.1617943014729315,0.41752033252848797,6.17277399140794,0.08672226479109765,0.4285000224634965,,,32002,0.7,200,20,8,fixed_sampling,,,,,,,
h2_0.70_budget_200_parents_20,oracle_switching,2,6,1000,200,0.2,1,200,200,0.4664204489497554,20,6.17277399140794,0.08672226479109765,6.480407101088273,0.3076331096803333,6.4995281681579575,0.04624544391502817,0.3267541767500175,,,32002,0.7,200,20,8,random_sampling,,,,,,,
h2_0.70_budget_200_parents_20,oracle_switching,2,7,1000,200,0.2,1,200,200,0.4131647952991904,20,6.4995281681579575,0.04624544391502817,6.748641687014804,0.24911351885684674,6.737484312003007,0.06195441599240173,0.23795614384504926,,,32002,0.7,200,20,8,diversity_sampling,,,,,,,
h2_0.70_budget_200_parents_20,oracle_switching,2,8,1000,200,0.2,1,200,200,0.378726920997997,20,6.737484312003008,0.061954415992401736,0.24966452513997392,-6.487819786863033,6.987953419806352,0.02089752384669044,0.25046910780334475,0.07329728300101124,0.1541533439885825,32002,0.7,200,20,8,highest_gebv,50.0,150.0,predicted_gebv,False,0.2588826743468943,0.378726920997997,
h2_0.70_budget_200_parents_20,oracle_switching,3,1,1000,200,0.2,1,200,200,0.5411890292808395,20,-0.13314627914244165,0.9430240904123077,2.043563566003436,2.1767098451458775,1.8688828063942688,0.4449989788952438,2.0020290855367104,0.28701975199510343,0.3888556489837356,32003,0.7,200,20,8,highest_gebv,50.0,150.0,predicted_gebv,False,0.4724294640793691,0.5411890292808395,
h2_0.70_budget_200_parents_20,oracle_switching,3,2,1000,200,0.2,1,200,200,0.6227290932333295,20,1.8688828063942686,0.44499897889524376,3.0906273402533992,1.2217445338591306,3.07086014841772,0.46129878257333246,1.2019773420234514,,,32003,0.7,200,20,8,diversity_sampling,,,,,,,
h2_0.70_budget_200_parents_20,oracle_switching,3,3,1000,200,0.2,1,200,200,0.6275738353502175,20,3.07086014841772,0.4612987825733325,1.3907668777268596,-1.6800932706908605,4.433013128596624,0.3648038924325001,1.3621529801789038,0.18376540899043903,0.2602874299918767,32003,0.7,200,20,8,highest_gebv,50.0,150.0,predicted_gebv,False,0.25536415798800177,0.6275738353502175,
h2_0.70_budget_200_parents_20,oracle_switching,3,4,1000,200,0.2,1,200,200,0.6472847306770003,20,4.433013128596624,0.36480389243250005,5.514071608694392,1.0810584800977683,5.568356763323403,0.24216936648619175,1.1353436347267793,,,32003,0.7,200,20,8,random_sampling,,,,,,,
h2_0.70_budget_200_parents_20,oracle_switching,3,5,1000,200,0.2,1,200,200,0.6566339063657404,20,5.568356763323403,0.24216936648619175,0.5924684353410725,-4.9758883279823305,6.183193808716487,0.046075507551131004,0.6148370453930836,0.2867084559984505,0.4271823190210853,32003,0.7,200,20,8,active_learning_pev,50.0,,,True,0.4002608660579133,0.6566339063657404,150.0
h2_0.70_budget_200_parents_20,oracle_switching,3,6,1000,200,0.2,1,200,200,0.6265867207703076,20,6.183193808716487,0.046075507551131004,0.21938876512302907,-5.9638050435934575,6.397532401082217,0.017738242964744733,0.21433859236573038,0.3216075329983141,0.4056470560026355,32003,0.7,200,20,8,active_learning_pev,50.0,,,True,0.24263001574390464,0.6265867207703076,150.0
h2_0.70_budget_200_parents_20,oracle_switching,3,7,1000,200,0.2,1,200,200,0.4364194649003749,20,6.397532401082217,0.017738242964744733,6.573479442723446,0.17594704164122899,6.582010597867211,0.0057771500028913295,0.184478196784994,,,32003,0.7,200,20,8,random_sampling,,,,,,,
h2_0.70_budget_200_parents_20,oracle_switching,3,8,1000,200,0.2,1,200,200,0.30271936173122016,20,6.582010597867211,0.005777150002891329,0.05311730811202492,-6.528893289755186,6.634333827687782,0.0014100544418105105,0.052323229820570916,0.23820088902721182,0.3297460809990298,32003,0.7,200,20,8,active_learning_pev,50.0,,,True,0.03186163119139574,0.30271936173122016,150.0
