episode,seed,epsilon,episode_return,episode_steps,invalid_actions,finalized_generations,final_generation_gain,final_variance_retention,q_table_states,model_size,agent_kind
1,12345,1.0,8.34115865291728,112,0,20,0.0,8.373598975944916e-31,,100,linear_q
2,12346,0.9962,7.951534979437338,107,0,20,0.0,8.373598975944916e-31,,100,linear_q
3,12347,0.9924,9.727741676802733,125,0,20,0.0,0.0,,100,linear_q
4,12348,0.9886,6.603116272531913,111,0,20,0.0,0.0,,100,linear_q
5,12349,0.9848,7.949755191736474,103,0,20,0.0,3.3494395903779665e-30,,100,linear_q
6,12350,0.981,7.7036136367510695,123,0,20,0.0,0.0,,100,linear_q
7,12351,0.9772,9.78574810852479,108,0,20,0.0,3.3494395903779665e-30,,100,linear_q
8,12352,0.9734,8.162356158732146,120,0,20,0.0,3.3494395903779665e-30,,100,linear_q
9,12353,0.9696,9.625003027625851,100,0,20,0.0,0.0,,100,linear_q
10,12354,0.9658,7.854502846739923,117,0,20,0.0,8.373598975944916e-31,,100,linear_q
11,12355,0.962,3.9696398875144627,102,0,20,0.0,1.8840597695876063e-30,,100,linear_q
12,12356,0.9582,6.146862577815414,104,0,20,0.0,0.0,,100,linear_q
13,12357,0.9544,9.423224649436397,108,0,20,0.0,8.373598975944916e-31,,100,linear_q
14,12358,0.9506,9.200347986596482,112,0,20,0.0,0.0,,100,linear_q
15,12359,0.9468,8.63562202099935,114,0,20,0.0,8.373598975944916e-31,,100,linear_q
16,12360,0.9430000000000001,5.877645632782886,110,0,20,0.0,8.373598975944916e-31,,100,linear_q
17,12361,0.9392,8.713559649347957,110,0,20,0.0,3.3494395903779665e-30,,100,linear_q
18,12362,0.9354,5.380457712497878,114,0,20,0.0,0.0,,100,linear_q
19,12363,0.9316,8.587577985512812,105,0,20,0.0,8.373598975944916e-31,,100,linear_q
20,12364,0.9278,8.933356358373866,97,0,20,0.0,7.536239078350425e-30,,100,linear_q
21,12365,0.924,8.454845359580553,122,0,20,0.0,8.373598975944916e-31,,100,linear_q
22,12366,0.9202,6.86530117257648,102,0,20,0.0,1.8840597695876063e-30,,100,linear_q
23,12367,0.9164,5.234193476511613,121,0,20,0.0,1.8840597695876063e-30,,100,linear_q
24,12368,0.9126,8.358697719354767,107,0,20,0.0,0.0,,100,linear_q
25,12369,0.9088,6.677144545040348,114,0,20,0.0,0.0,,100,linear_q
26,12370,0.905,7.331522589377293,109,0,20,0.0,0.0,,100,linear_q
27,12371,0.9012,7.804345263250054,122,0,20,0.0,8.373598975944916e-31,,100,linear_q
28,12372,0.8974,4.70036848432455,112,0,20,0.0,3.3494395903779665e-30,,100,linear_q
29,12373,0.8936,6.41565630282017,107,0,20,0.0,3.3494395903779665e-30,,100,linear_q
30,12374,0.8898,4.977399664328427,123,0,20,0.0,0.0,,100,linear_q
31,12375,0.886,7.1457957105934335,119,0,20,0.0,0.0,,100,linear_q
32,12376,0.8822,6.722318959434941,117,0,20,0.0,8.373598975944916e-31,,100,linear_q
33,12377,0.8784,7.492848026953008,107,0,20,0.0,8.373598975944916e-31,,100,linear_q
34,12378,0.8746,8.113172278164557,103,0,20,0.0,0.0,,100,linear_q
35,12379,0.8708,6.1204617768606475,120,0,20,0.0,0.0,,100,linear_q
36,12380,0.867,7.354168694845398,127,0,20,0.0,8.373598975944916e-31,,100,linear_q
37,12381,0.8632,8.320787533004202,109,0,20,0.0,8.373598975944916e-31,,100,linear_q
38,12382,0.8594,9.3440048450926,122,0,20,0.0,8.373598975944916e-31,,100,linear_q
39,12383,0.8556,7.820156542745545,110,0,20,0.0,0.0,,100,linear_q
40,12384,0.8518,9.74975011100914,107,0,20,0.0,8.373598975944916e-31,,100,linear_q
41,12385,0.848,5.9737835163548025,114,0,20,0.0,8.373598975944916e-31,,100,linear_q
42,12386,0.8442000000000001,7.117822173842195,113,0,20,0.0,8.373598975944916e-31,,100,linear_q
43,12387,0.8404,7.563152482437084,116,0,20,0.0,0.0,,100,linear_q
44,12388,0.8366,3.650249541425292,120,0,20,0.0,2.093399743986229e-31,,100,linear_q
45,12389,0.8328,6.715879863219991,114,0,20,0.0,0.0,,100,linear_q
46,12390,0.829,7.292321834753615,116,0,20,0.0,3.3494395903779665e-30,,100,linear_q
47,12391,0.8252,7.3463119780993384,116,0,20,0.0,8.373598975944916e-31,,100,linear_q
48,12392,0.8214,7.114608779943793,96,0,20,0.0,8.373598975944916e-31,,100,linear_q
49,12393,0.8176,6.934858440246746,123,0,20,0.0,8.373598975944916e-31,,100,linear_q
50,12394,0.8138,7.137252357350444,116,0,20,0.0,8.373598975944916e-31,,100,linear_q
51,12395,0.81,8.291276800203192,130,0,20,0.0,7.536239078350425e-30,,100,linear_q
52,12396,0.8062,9.300198257652722,120,0,20,0.0,8.373598975944916e-31,,100,linear_q
53,12397,0.8024,8.087692005971135,109,0,20,0.0,3.3494395903779665e-30,,100,linear_q
54,12398,0.7986,7.423687075257519,106,0,20,0.0,3.3494395903779665e-30,,100,linear_q
55,12399,0.7948,7.115955078389394,120,0,20,0.0,8.373598975944916e-31,,100,linear_q
56,12400,0.791,8.238761325466738,113,0,20,0.0,8.373598975944916e-31,,100,linear_q
57,12401,0.7872,7.459154586484074,118,0,20,0.0,8.373598975944916e-31,,100,linear_q
58,12402,0.7834,7.82812815942949,116,0,20,0.0,8.373598975944916e-31,,100,linear_q
59,12403,0.7796,8.512771913425691,110,0,20,0.0,0.0,,100,linear_q
60,12404,0.7758,6.477517455745788,112,0,20,0.0,8.373598975944916e-31,,100,linear_q
61,12405,0.772,6.6336703514228565,112,0,20,0.0,3.3494395903779665e-30,,100,linear_q
62,12406,0.7682,4.742811987487181,109,0,20,0.0,1.8840597695876063e-30,,100,linear_q
63,12407,0.7644,7.941609792099132,108,0,20,0.0,8.373598975944916e-31,,100,linear_q
64,12408,0.7605999999999999,8.679317817354715,119,0,20,0.0,3.3494395903779665e-30,,100,linear_q
65,12409,0.7568,8.461536360791566,102,0,20,0.0,0.0,,100,linear_q
66,12410,0.753,7.800664361479019,109,0,20,0.0,8.373598975944916e-31,,100,linear_q
67,12411,0.7492,7.775419073226177,122,0,20,0.0,0.0,,100,linear_q
68,12412,0.7454000000000001,9.500340416909625,114,0,20,0.0,8.373598975944916e-31,,100,linear_q
69,12413,0.7416,8.040486734825432,115,0,20,0.0,8.373598975944916e-31,,100,linear_q
70,12414,0.7378,7.1696937204040045,112,0,20,0.0,8.373598975944916e-31,,100,linear_q
71,12415,0.734,7.125882591036693,128,0,20,0.0,3.3494395903779665e-30,,100,linear_q
72,12416,0.7302,9.507072844112232,116,0,20,0.0,8.373598975944916e-31,,100,linear_q
73,12417,0.7264,3.8996867198942824,122,0,20,0.0,2.093399743986229e-31,,100,linear_q
74,12418,0.7226,7.0680503169756985,101,0,20,0.0,8.373598975944916e-31,,100,linear_q
75,12419,0.7188000000000001,5.551666809206606,99,0,20,0.0,2.093399743986229e-31,,100,linear_q
76,12420,0.7150000000000001,7.133502339007135,118,0,20,0.0,3.3494395903779665e-30,,100,linear_q
77,12421,0.7112,8.232759338849268,120,0,20,0.0,8.373598975944916e-31,,100,linear_q
78,12422,0.7074,6.823874103835121,106,0,20,0.0,2.093399743986229e-31,,100,linear_q
79,12423,0.7036,8.024988927426076,125,0,20,0.0,3.3494395903779665e-30,,100,linear_q
80,12424,0.6998,8.890699215350054,96,0,20,0.0,0.0,,100,linear_q
81,12425,0.696,7.928673012552251,113,0,20,0.0,3.3494395903779665e-30,,100,linear_q
82,12426,0.6921999999999999,4.311101423900945,119,0,20,0.0,8.373598975944916e-31,,100,linear_q
83,12427,0.6884,6.810859547979029,93,0,20,0.0,8.373598975944916e-31,,100,linear_q
84,12428,0.6846,8.064876016383383,106,0,20,0.0,8.373598975944916e-31,,100,linear_q
85,12429,0.6808000000000001,6.894934459830784,110,0,20,0.0,8.373598975944916e-31,,100,linear_q
86,12430,0.677,10.850695912959171,99,0,20,-0.026599433077224788,0.005579069723827092,,100,linear_q
87,12431,0.6732,6.370581710189656,115,0,20,0.0,0.0,,100,linear_q
88,12432,0.6694,6.343435231855404,101,0,20,0.0,8.373598975944916e-31,,100,linear_q
89,12433,0.6656,9.636283953486535,103,0,20,0.0,8.373598975944916e-31,,100,linear_q
90,12434,0.6618,6.4912024898655565,115,0,20,0.0,0.0,,100,linear_q
91,12435,0.658,7.889244924137328,116,0,20,0.0,0.0,,100,linear_q
92,12436,0.6542,9.794522036875568,107,0,20,0.0,3.3494395903779665e-30,,100,linear_q
93,12437,0.6504000000000001,6.379284897126858,112,0,20,0.0,8.373598975944916e-31,,100,linear_q
94,12438,0.6466000000000001,7.97272969219262,105,0,20,0.0,8.373598975944916e-31,,100,linear_q
95,12439,0.6428,6.5984003001629254,127,0,20,0.0,8.373598975944916e-31,,100,linear_q
96,12440,0.639,7.358317014849227,127,0,20,0.0,8.373598975944916e-31,,100,linear_q
97,12441,0.6352,4.612718417270902,122,0,20,0.0,2.093399743986229e-31,,100,linear_q
98,12442,0.6314,7.8457197314669544,107,0,20,0.0,8.373598975944916e-31,,100,linear_q
99,12443,0.6275999999999999,4.035475857245308,112,0,20,0.0,0.0,,100,linear_q
100,12444,0.6238,4.770338051585355,121,0,20,0.0,0.0,,100,linear_q
101,12445,0.62,8.415571019860035,117,0,20,0.0,7.536239078350425e-30,,100,linear_q
102,12446,0.6162,3.733091095719845,117,0,20,0.0,2.093399743986229e-31,,100,linear_q
103,12447,0.6124,8.325613577970714,102,0,20,0.0,3.3494395903779665e-30,,100,linear_q
104,12448,0.6086,5.504688219159491,125,0,20,0.0,3.3494395903779665e-30,,100,linear_q
105,12449,0.6048,7.786840718691533,113,0,20,0.0,0.0,,100,linear_q
106,12450,0.601,8.065373742260777,119,0,20,0.0,0.0,,100,linear_q
107,12451,0.5972,5.485831353168453,104,0,20,0.0,8.373598975944916e-31,,100,linear_q
108,12452,0.5934,4.430289318034257,121,0,20,0.0,0.0,,100,linear_q
109,12453,0.5896,7.114421987129432,113,0,20,0.0,8.373598975944916e-31,,100,linear_q
110,12454,0.5858000000000001,7.121957619782029,115,0,20,0.0,0.0,,100,linear_q
111,12455,0.5820000000000001,6.913891016359667,117,0,20,0.0,8.373598975944916e-31,,100,linear_q
112,12456,0.5782,10.031315097784152,109,0,20,0.0,8.373598975944916e-31,,100,linear_q
113,12457,0.5744,10.487081078611887,120,0,20,0.0,8.373598975944916e-31,,100,linear_q
114,12458,0.5706,10.465300278271714,112,0,20,0.0,8.373598975944916e-31,,100,linear_q
115,12459,0.5668,6.944649161292449,117,0,20,0.0,8.373598975944916e-31,,100,linear_q
116,12460,0.563,8.040362254849246,122,0,20,0.0,8.373598975944916e-31,,100,linear_q
117,12461,0.5591999999999999,5.234035863058934,112,0,20,0.0,0.0,,100,linear_q
118,12462,0.5554,5.01245816625046,125,0,20,0.0,2.093399743986229e-31,,100,linear_q
119,12463,0.5516000000000001,4.684330824844705,102,0,20,0.0,0.0,,100,linear_q
120,12464,0.5478000000000001,7.277894689505501,101,0,20,0.0,8.373598975944916e-31,,100,linear_q
121,12465,0.544,8.725362545148707,104,0,20,0.0,8.373598975944916e-31,,100,linear_q
122,12466,0.5402,7.498691924390327,100,0,20,0.0,0.0,,100,linear_q
123,12467,0.5364,5.968124004535736,110,0,20,0.0,0.0,,100,linear_q
124,12468,0.5326,7.656378307997347,110,0,20,0.0,3.3494395903779665e-30,,100,linear_q
125,12469,0.5288,6.848361648518604,111,0,20,0.0,8.373598975944916e-31,,100,linear_q
126,12470,0.525,9.072161966928974,100,0,20,0.0,3.3494395903779665e-30,,100,linear_q
127,12471,0.5212,6.86396062567267,111,0,20,0.0,8.373598975944916e-31,,100,linear_q
128,12472,0.5174000000000001,7.191081713080287,113,0,20,0.0,8.373598975944916e-31,,100,linear_q
129,12473,0.5136000000000001,5.611658047882261,120,0,20,0.0,1.8840597695876063e-30,,100,linear_q
130,12474,0.5098,5.349336484329494,110,0,20,0.0,8.373598975944916e-31,,100,linear_q
131,12475,0.506,7.446710634604395,103,0,20,0.0,7.536239078350425e-30,,100,linear_q
132,12476,0.5022,6.7445249497341635,102,0,20,0.0,3.3494395903779665e-30,,100,linear_q
133,12477,0.49839999999999995,5.1670865644745945,121,0,20,0.0,2.093399743986229e-31,,100,linear_q
134,12478,0.49460000000000004,6.431309129539376,118,0,20,0.0,8.373598975944916e-31,,100,linear_q
135,12479,0.4908,6.250040731089781,120,0,20,0.0,0.0,,100,linear_q
136,12480,0.487,9.631756471159276,108,0,20,-0.08460472299084021,0.007569779222108618,,100,linear_q
137,12481,0.48319999999999996,5.814484704811751,119,0,20,0.0,2.093399743986229e-31,,100,linear_q
138,12482,0.47939999999999994,7.3930733759824365,109,0,20,0.0,0.0,,100,linear_q
139,12483,0.4756,6.857190280492729,123,0,20,0.0,0.0,,100,linear_q
140,12484,0.4718,6.2222005712583215,117,0,20,0.0,8.373598975944916e-31,,100,linear_q
141,12485,0.46799999999999997,8.988611436746215,102,0,20,0.0,7.536239078350425e-30,,100,linear_q
142,12486,0.46420000000000006,7.033322045298795,108,0,20,0.0,7.536239078350425e-30,,100,linear_q
143,12487,0.46040000000000003,9.138022228958054,98,0,20,0.0,0.0,,100,linear_q
144,12488,0.4566000000000001,6.1441029112786625,103,0,20,0.0,2.093399743986229e-31,,100,linear_q
145,12489,0.4528000000000001,9.605085692285813,107,0,20,0.0,8.373598975944916e-31,,100,linear_q
146,12490,0.44900000000000007,6.825648398392592,111,0,20,0.0,0.0,,100,linear_q
147,12491,0.44520000000000004,9.325816022906146,97,0,20,0.0,0.0,,100,linear_q
148,12492,0.4414,4.817544315944125,122,0,20,0.0,8.373598975944916e-31,,100,linear_q
149,12493,0.4376000000000001,6.692788282588488,116,0,20,0.0,1.8840597695876063e-30,,100,linear_q
150,12494,0.4338000000000001,5.8700070111413325,101,0,20,0.0,8.373598975944916e-31,,100,linear_q
151,12495,0.43000000000000005,7.80456313672638,96,0,20,0.0,0.0,,100,linear_q
152,12496,0.4262,9.376388768589266,106,0,20,0.0,3.3494395903779665e-30,,100,linear_q
153,12497,0.4224,5.537858927130732,103,0,20,0.0,8.373598975944916e-31,,100,linear_q
154,12498,0.4186000000000001,9.11705095684604,96,0,20,0.0,3.3494395903779665e-30,,100,linear_q
155,12499,0.41480000000000006,6.145040174564734,98,0,20,0.0,1.8840597695876063e-30,,100,linear_q
156,12500,0.41100000000000003,3.85749116641376,114,0,20,0.0,0.0,,100,linear_q
157,12501,0.4072,6.419490638263,111,0,20,0.0,8.373598975944916e-31,,100,linear_q
158,12502,0.4034,5.2183105855448675,118,0,20,0.0,0.0,,100,linear_q
159,12503,0.39960000000000007,5.34520550391974,113,0,20,0.0,8.373598975944916e-31,,100,linear_q
160,12504,0.39580000000000004,4.337995798899981,123,0,20,0.0,1.8840597695876063e-30,,100,linear_q
161,12505,0.392,7.710643952807297,99,0,20,0.0,3.3494395903779665e-30,,100,linear_q
162,12506,0.3882,5.818815128693085,122,0,20,0.0,8.373598975944916e-31,,100,linear_q
163,12507,0.38439999999999996,9.696460039352887,115,0,20,0.0,8.373598975944916e-31,,100,linear_q
164,12508,0.38060000000000005,9.847480016523432,114,0,20,0.0,8.373598975944916e-31,,100,linear_q
165,12509,0.3768,5.23320234625512,110,0,20,0.0,0.0,,100,linear_q
166,12510,0.373,7.513610465612947,117,0,20,0.0,0.0,,100,linear_q
167,12511,0.3692,9.97973970632707,110,0,20,0.0,8.373598975944916e-31,,100,linear_q
168,12512,0.36539999999999995,5.22214077325163,119,0,20,0.0,1.8840597695876063e-30,,100,linear_q
169,12513,0.36160000000000003,7.626762377843643,115,0,20,0.0,0.0,,100,linear_q
170,12514,0.3578,7.521209014280366,111,0,20,0.0,8.373598975944916e-31,,100,linear_q
171,12515,0.354,7.824068950423957,118,0,20,0.0,3.3494395903779665e-30,,100,linear_q
172,12516,0.35019999999999996,6.385475820167965,119,0,20,0.0,8.373598975944916e-31,,100,linear_q
173,12517,0.34640000000000004,7.296749686350644,94,0,20,0.0,8.373598975944916e-31,,100,linear_q
174,12518,0.3426000000000001,7.014274343536858,114,0,20,0.0,8.373598975944916e-31,,100,linear_q
175,12519,0.3388000000000001,9.735097349566141,104,0,20,0.0,8.373598975944916e-31,,100,linear_q
176,12520,0.3350000000000001,7.868731566265241,113,0,20,0.0,0.0,,100,linear_q
177,12521,0.33120000000000005,5.9652959142066795,118,0,20,0.0,3.3494395903779665e-30,,100,linear_q
178,12522,0.3274,8.321075334063678,106,0,20,0.0,8.373598975944916e-31,,100,linear_q
179,12523,0.3236000000000001,6.341241915884295,101,0,20,0.0,2.093399743986229e-31,,100,linear_q
180,12524,0.3198000000000001,10.27345891949054,89,0,20,0.0,3.3494395903779665e-30,,100,linear_q
181,12525,0.31600000000000006,8.294681212825221,100,0,20,0.0,0.0,,100,linear_q
182,12526,0.31220000000000003,5.7706661417951315,103,0,20,0.0,8.373598975944916e-31,,100,linear_q
183,12527,0.3084,6.179311079956493,104,0,20,0.0,2.093399743986229e-31,,100,linear_q
184,12528,0.3046000000000001,8.26825794172056,109,0,20,0.0,8.373598975944916e-31,,100,linear_q
185,12529,0.30080000000000007,7.524776784847226,111,0,20,0.0,2.093399743986229e-31,,100,linear_q
186,12530,0.29700000000000004,5.571392682019615,113,0,20,0.0,2.093399743986229e-31,,100,linear_q
187,12531,0.2932,7.456968664610811,101,0,20,0.0,8.373598975944916e-31,,100,linear_q
188,12532,0.2894,7.17331496935878,103,0,20,-0.020606070617110284,0.002158430250676387,,100,linear_q
189,12533,0.2856000000000001,6.744040361922147,123,0,20,0.0,5.233499359965573e-30,,100,linear_q
190,12534,0.28180000000000005,6.402154474616427,118,0,20,0.0,0.0,,100,linear_q
191,12535,0.278,5.45704959714397,120,0,20,0.0,8.373598975944916e-31,,100,linear_q
192,12536,0.2742,4.63689760492578,124,0,20,0.0,2.093399743986229e-31,,100,linear_q
193,12537,0.2704,6.887045011463392,124,0,20,0.0,8.373598975944916e-31,,100,linear_q
194,12538,0.26660000000000006,7.955705908356683,114,0,20,0.0,8.373598975944916e-31,,100,linear_q
195,12539,0.26280000000000003,7.706118656981347,110,0,20,0.0,0.0,,100,linear_q
196,12540,0.259,4.801963228211486,121,0,20,0.0,0.0,,100,linear_q
197,12541,0.2552,6.39550583087446,105,0,20,0.0,8.373598975944916e-31,,100,linear_q
198,12542,0.25139999999999996,7.402138676896812,100,0,20,0.0,3.3494395903779665e-30,,100,linear_q
199,12543,0.24760000000000004,7.961329270038248,87,0,20,0.0,3.3494395903779665e-30,,100,linear_q
200,12544,0.24380000000000002,5.522874995047935,117,0,20,0.0,8.373598975944916e-31,,100,linear_q
201,12545,0.24,7.3750314495339895,99,0,20,0.0,0.0,,100,linear_q
202,12546,0.23619999999999997,3.9630621375679396,120,0,20,0.0,2.093399743986229e-31,,100,linear_q
203,12547,0.23239999999999994,5.3111703349005674,121,0,20,0.0,8.373598975944916e-31,,100,linear_q
204,12548,0.22860000000000003,6.309500894530385,108,0,20,0.0,2.093399743986229e-31,,100,linear_q
205,12549,0.2248000000000001,7.239588494807668,112,0,20,0.0,0.0,,100,linear_q
206,12550,0.22100000000000009,7.237254755350351,108,0,20,0.0,0.0,,100,linear_q
207,12551,0.21720000000000006,8.599267578699452,106,0,20,0.0,8.373598975944916e-31,,100,linear_q
208,12552,0.21340000000000003,3.87199744699977,117,0,20,0.0,2.093399743986229e-31,,100,linear_q
209,12553,0.20960000000000012,9.32776953223319,122,0,20,0.0,3.3494395903779665e-30,,100,linear_q
210,12554,0.2058000000000001,4.946666979937081,112,0,20,0.0,1.8840597695876063e-30,,100,linear_q
211,12555,0.20200000000000007,6.456303254621716,113,0,20,0.0,8.373598975944916e-31,,100,linear_q
212,12556,0.19820000000000004,6.212066012058825,111,0,20,0.0,3.3494395903779665e-30,,100,linear_q
213,12557,0.19440000000000002,6.910416204978964,126,0,20,0.0,0.0,,100,linear_q
214,12558,0.1906000000000001,7.661871896984293,103,0,20,0.0,3.3494395903779665e-30,,100,linear_q
215,12559,0.18680000000000008,4.490799782757254,108,0,20,0.0,2.093399743986229e-31,,100,linear_q
216,12560,0.18300000000000005,3.1185371222645246,109,0,20,0.0,8.373598975944916e-31,,100,linear_q
217,12561,0.17920000000000003,4.784626938141592,100,0,20,0.0,2.093399743986229e-31,,100,linear_q
218,12562,0.1754,4.153472481428792,138,0,20,0.0,2.093399743986229e-31,,100,linear_q
219,12563,0.17160000000000009,6.479367215371112,128,0,20,0.0,1.8840597695876063e-30,,100,linear_q
220,12564,0.16780000000000006,4.515589577508797,126,0,20,0.0,2.093399743986229e-31,,100,linear_q
221,12565,0.16400000000000003,5.6269919250733285,123,0,20,0.0,2.093399743986229e-31,,100,linear_q
222,12566,0.1602,6.445250792939236,98,0,20,0.0,8.373598975944916e-31,,100,linear_q
223,12567,0.15639999999999998,5.375778891524614,106,0,20,0.0,0.0,,100,linear_q
224,12568,0.15260000000000007,6.571407402045409,118,0,20,0.0,3.3494395903779665e-30,,100,linear_q
225,12569,0.14880000000000004,8.498587524616305,87,0,20,0.0,3.3494395903779665e-30,,100,linear_q
226,12570,0.14500000000000002,5.421803142323376,107,0,20,0.0,2.093399743986229e-31,,100,linear_q
227,12571,0.1412,6.726170008464191,99,0,20,0.0,8.373598975944916e-31,,100,linear_q
228,12572,0.13739999999999997,5.623772139402242,115,0,20,0.0,0.0,,100,linear_q
229,12573,0.13360000000000005,8.240460245849718,96,0,20,0.0,3.3494395903779665e-30,,100,linear_q
230,12574,0.12980000000000003,7.545691732291661,97,0,20,0.0,8.373598975944916e-31,,100,linear_q
231,12575,0.126,6.22593547032494,114,0,20,0.0,8.373598975944916e-31,,100,linear_q
232,12576,0.12219999999999998,6.633454470215037,105,0,20,0.0,3.3494395903779665e-30,,100,linear_q
233,12577,0.11839999999999995,6.805631956740428,99,0,20,0.0,8.373598975944916e-31,,100,linear_q
234,12578,0.11460000000000004,6.626899125336032,109,0,20,0.0,2.093399743986229e-31,,100,linear_q
235,12579,0.11080000000000001,7.10788311347499,114,0,20,0.0,8.373598975944916e-31,,100,linear_q
236,12580,0.1070000000000001,3.9284894527503487,117,0,20,0.0,2.093399743986229e-31,,100,linear_q
237,12581,0.10320000000000007,7.2747113573501485,115,0,20,0.0,0.0,,100,linear_q
238,12582,0.09940000000000004,6.81376100949717,121,0,20,0.0,0.0,,100,linear_q
239,12583,0.09560000000000013,3.790575604154616,121,0,20,0.0,2.093399743986229e-31,,100,linear_q
240,12584,0.0918000000000001,5.850594243335985,110,0,20,0.0,8.373598975944916e-31,,100,linear_q
241,12585,0.08800000000000008,4.51900805756591,115,0,20,0.0,0.0,,100,linear_q
242,12586,0.08420000000000005,5.950389014624713,120,0,20,0.0,1.8840597695876063e-30,,100,linear_q
243,12587,0.08040000000000003,5.217465460014433,120,0,20,0.0,8.373598975944916e-31,,100,linear_q
244,12588,0.07660000000000011,4.188493646904055,123,0,20,0.0,8.373598975944916e-31,,100,linear_q
245,12589,0.07280000000000009,6.8957832878750684,116,0,20,0.0,0.0,,100,linear_q
246,12590,0.06900000000000006,6.2009715847065365,110,0,20,0.0,2.093399743986229e-31,,100,linear_q
247,12591,0.06520000000000004,6.843272972830893,107,0,20,0.0,2.093399743986229e-31,,100,linear_q
248,12592,0.06140000000000001,4.833534527957655,110,0,20,0.0,0.0,,100,linear_q
249,12593,0.057600000000000096,7.907220466889496,104,0,20,0.0,0.0,,100,linear_q
250,12594,0.05380000000000007,5.5172971337229555,101,0,20,0.0,3.3494395903779665e-30,,100,linear_q
251,12595,0.050000000000000044,6.076819788345634,111,0,20,0.0,1.8840597695876063e-30,,100,linear_q
252,12596,0.050000000000000044,4.388619378474485,120,0,20,0.0,8.373598975944916e-31,,100,linear_q
253,12597,0.050000000000000044,5.991685738017869,127,0,20,0.0,8.373598975944916e-31,,100,linear_q
254,12598,0.050000000000000044,6.043455114285328,119,0,20,0.0,2.093399743986229e-31,,100,linear_q
255,12599,0.050000000000000044,7.812545268748183,115,0,20,0.0,8.373598975944916e-31,,100,linear_q
256,12600,0.050000000000000044,6.14845910031708,109,0,20,0.0,3.3494395903779665e-30,,100,linear_q
257,12601,0.050000000000000044,5.852751152107466,112,0,20,0.0,1.8840597695876063e-30,,100,linear_q
258,12602,0.050000000000000044,6.894966945457517,121,0,20,0.0,2.093399743986229e-31,,100,linear_q
259,12603,0.050000000000000044,7.150944665249794,111,0,20,0.0,8.373598975944916e-31,,100,linear_q
260,12604,0.050000000000000044,5.552535076930165,109,0,20,0.0,8.373598975944916e-31,,100,linear_q
261,12605,0.050000000000000044,6.381225349018947,123,0,20,0.0,1.8840597695876063e-30,,100,linear_q
262,12606,0.050000000000000044,5.990685281563149,113,0,20,0.0,0.0,,100,linear_q
263,12607,0.050000000000000044,5.231285228991326,120,0,20,0.0,2.093399743986229e-31,,100,linear_q
264,12608,0.050000000000000044,5.045860701224097,131,0,20,0.0,3.3494395903779665e-30,,100,linear_q
265,12609,0.050000000000000044,7.997544359972877,111,0,20,0.0,3.3494395903779665e-30,,100,linear_q
266,12610,0.050000000000000044,3.3126856282119173,120,0,20,0.0,2.093399743986229e-31,,100,linear_q
267,12611,0.050000000000000044,6.381756714131322,122,0,20,0.0,1.8840597695876063e-30,,100,linear_q
268,12612,0.050000000000000044,6.335218718469455,121,0,20,0.0,0.0,,100,linear_q
269,12613,0.050000000000000044,6.255818426073187,120,0,20,0.0,3.3494395903779665e-30,,100,linear_q
270,12614,0.050000000000000044,4.769590952268147,125,0,20,0.0,1.8840597695876063e-30,,100,linear_q
271,12615,0.050000000000000044,7.240173490742877,115,0,20,0.0,8.373598975944916e-31,,100,linear_q
272,12616,0.050000000000000044,5.377514836391606,117,0,20,0.0,1.8840597695876063e-30,,100,linear_q
273,12617,0.050000000000000044,6.746833810339333,112,0,20,0.0,8.373598975944916e-31,,100,linear_q
274,12618,0.050000000000000044,3.789400093715657,107,0,20,0.0,0.0,,100,linear_q
275,12619,0.050000000000000044,6.367215622987089,122,0,20,0.0,8.373598975944916e-31,,100,linear_q
276,12620,0.050000000000000044,8.042004958404945,117,0,20,0.0,8.373598975944916e-31,,100,linear_q
277,12621,0.050000000000000044,4.59797537331102,112,0,20,0.0,0.0,,100,linear_q
278,12622,0.050000000000000044,7.937445758456811,116,0,20,0.0,3.3494395903779665e-30,,100,linear_q
279,12623,0.050000000000000044,4.433636183751882,115,0,20,0.0,1.8840597695876063e-30,,100,linear_q
280,12624,0.050000000000000044,6.782385806624416,111,0,20,0.0,3.3494395903779665e-30,,100,linear_q
281,12625,0.050000000000000044,7.596713326723355,106,0,20,0.0,8.373598975944916e-31,,100,linear_q
282,12626,0.050000000000000044,5.310741077295181,109,0,20,0.0,8.373598975944916e-31,,100,linear_q
283,12627,0.050000000000000044,6.262383345698185,113,0,20,0.0,8.373598975944916e-31,,100,linear_q
284,12628,0.050000000000000044,5.858325894575107,118,0,20,0.0,2.093399743986229e-31,,100,linear_q
285,12629,0.050000000000000044,6.950763929830492,104,0,20,0.0,0.0,,100,linear_q
286,12630,0.050000000000000044,4.884188334315344,120,0,20,0.0,2.093399743986229e-31,,100,linear_q
287,12631,0.050000000000000044,9.641458562304537,109,0,20,0.0,3.3494395903779665e-30,,100,linear_q
288,12632,0.050000000000000044,4.502958326812326,100,0,20,0.0,0.0,,100,linear_q
289,12633,0.050000000000000044,5.340629681289293,113,0,20,0.0,8.373598975944916e-31,,100,linear_q
290,12634,0.050000000000000044,6.591392758279808,109,0,20,0.0,3.3494395903779665e-30,,100,linear_q
291,12635,0.050000000000000044,5.088380101664917,109,0,20,0.0,2.093399743986229e-31,,100,linear_q
292,12636,0.050000000000000044,7.897592013890271,114,0,20,0.0,3.3494395903779665e-30,,100,linear_q
293,12637,0.050000000000000044,7.132236224544116,106,0,20,0.0,0.0,,100,linear_q
294,12638,0.050000000000000044,7.065746690745328,106,0,20,0.0,2.093399743986229e-31,,100,linear_q
295,12639,0.050000000000000044,3.7000459664856638,115,0,20,0.0,8.373598975944916e-31,,100,linear_q
296,12640,0.050000000000000044,5.852062943077152,121,0,20,0.0,1.8840597695876063e-30,,100,linear_q
297,12641,0.050000000000000044,7.404838600427011,106,0,20,0.0,8.373598975944916e-31,,100,linear_q
298,12642,0.050000000000000044,5.745092161998214,114,0,20,0.0,0.0,,100,linear_q
299,12643,0.050000000000000044,3.134549060689157,97,0,20,0.0,0.0,,100,linear_q
300,12644,0.050000000000000044,7.308544681778522,123,0,20,0.0,8.373598975944916e-31,,100,linear_q
301,12645,0.050000000000000044,7.6189885338365135,113,0,20,0.0,8.373598975944916e-31,,100,linear_q
302,12646,0.050000000000000044,6.1877839501411245,115,0,20,0.0,8.373598975944916e-31,,100,linear_q
303,12647,0.050000000000000044,5.588333761698802,117,0,20,0.0,3.3494395903779665e-30,,100,linear_q
304,12648,0.050000000000000044,5.999036304003781,117,0,20,0.0,1.8840597695876063e-30,,100,linear_q
305,12649,0.050000000000000044,4.883596699437453,119,0,20,0.0,0.0,,100,linear_q
306,12650,0.050000000000000044,6.775862606776782,122,0,20,0.0,3.3494395903779665e-30,,100,linear_q
307,12651,0.050000000000000044,4.812901777121103,121,0,20,0.0,2.093399743986229e-31,,100,linear_q
308,12652,0.050000000000000044,5.4725845079031155,129,0,20,0.0,8.373598975944916e-31,,100,linear_q
309,12653,0.050000000000000044,7.88448458627034,114,0,20,0.0,3.3494395903779665e-30,,100,linear_q
310,12654,0.050000000000000044,7.468250991402149,107,0,20,0.0,8.373598975944916e-31,,100,linear_q
311,12655,0.050000000000000044,6.434489278399387,109,0,20,0.0,0.0,,100,linear_q
312,12656,0.050000000000000044,7.883432084697103,108,0,20,0.0,8.373598975944916e-31,,100,linear_q
313,12657,0.050000000000000044,4.655006459469648,100,0,20,0.0,0.0,,100,linear_q
314,12658,0.050000000000000044,4.979271503282688,123,0,20,0.0,8.373598975944916e-31,,100,linear_q
315,12659,0.050000000000000044,6.968478278284844,120,0,20,0.0,8.373598975944916e-31,,100,linear_q
316,12660,0.050000000000000044,6.691759754464888,104,0,20,0.0,0.0,,100,linear_q
317,12661,0.050000000000000044,5.875307160221617,120,0,20,0.0,2.093399743986229e-31,,100,linear_q
318,12662,0.050000000000000044,6.188361099727821,113,0,20,0.0,1.8840597695876063e-30,,100,linear_q
319,12663,0.050000000000000044,5.219129295657211,109,0,20,0.0,2.093399743986229e-31,,100,linear_q
320,12664,0.050000000000000044,7.169607667136794,112,0,20,0.0,0.0,,100,linear_q
321,12665,0.050000000000000044,4.4083498032067565,114,0,20,0.0,0.0,,100,linear_q
322,12666,0.050000000000000044,5.4013046895189865,122,0,20,0.0,0.0,,100,linear_q
323,12667,0.050000000000000044,7.699630786713619,124,0,20,0.0,3.3494395903779665e-30,,100,linear_q
324,12668,0.050000000000000044,5.572363634771312,117,0,20,0.0,1.8840597695876063e-30,,100,linear_q
325,12669,0.050000000000000044,6.480175308817753,116,0,20,0.0,0.0,,100,linear_q
326,12670,0.050000000000000044,6.256713934609875,110,0,20,0.0,2.093399743986229e-31,,100,linear_q
327,12671,0.050000000000000044,3.7302200017098683,97,0,20,0.0,2.093399743986229e-31,,100,linear_q
328,12672,0.050000000000000044,5.317075472642257,127,0,20,0.0,1.8840597695876063e-30,,100,linear_q
329,12673,0.050000000000000044,7.695034699523436,121,0,20,0.0,3.3494395903779665e-30,,100,linear_q
330,12674,0.050000000000000044,6.195990308122116,117,0,20,0.0,1.8840597695876063e-30,,100,linear_q
331,12675,0.050000000000000044,5.262037646989358,128,0,20,0.0,8.373598975944916e-31,,100,linear_q
332,12676,0.050000000000000044,6.678431195535783,117,0,20,0.0,3.3494395903779665e-30,,100,linear_q
333,12677,0.050000000000000044,3.7669120118081665,135,0,20,0.0,2.093399743986229e-31,,100,linear_q
334,12678,0.050000000000000044,4.474205253546006,125,0,20,0.0,0.0,,100,linear_q
335,12679,0.050000000000000044,5.944189607719009,114,0,20,0.0,1.8840597695876063e-30,,100,linear_q
336,12680,0.050000000000000044,6.733294215648687,116,0,20,0.0,8.373598975944916e-31,,100,linear_q
337,12681,0.050000000000000044,4.251121261478477,117,0,20,0.0,8.373598975944916e-31,,100,linear_q
338,12682,0.050000000000000044,5.285112824310937,119,0,20,0.0,2.093399743986229e-31,,100,linear_q
339,12683,0.050000000000000044,7.462034859855563,117,0,20,0.0,8.373598975944916e-31,,100,linear_q
340,12684,0.050000000000000044,5.5869598029789005,105,0,20,0.0,8.373598975944916e-31,,100,linear_q
341,12685,0.050000000000000044,7.887261883990473,124,0,20,0.0,8.373598975944916e-31,,100,linear_q
342,12686,0.050000000000000044,6.8645520802077415,110,0,20,0.0,8.373598975944916e-31,,100,linear_q
343,12687,0.050000000000000044,6.9593602297134165,108,0,20,0.0,8.373598975944916e-31,,100,linear_q
344,12688,0.050000000000000044,6.482613571871936,109,0,20,0.0,1.8840597695876063e-30,,100,linear_q
345,12689,0.050000000000000044,3.80904599940233,102,0,20,0.0,2.093399743986229e-31,,100,linear_q
346,12690,0.050000000000000044,4.8166305861379115,125,0,20,0.0,0.0,,100,linear_q
347,12691,0.050000000000000044,8.08251746007693,120,0,20,0.0,0.0,,100,linear_q
348,12692,0.050000000000000044,4.134400337385167,110,0,20,0.0,1.8840597695876063e-30,,100,linear_q
349,12693,0.050000000000000044,5.1007121254825485,123,0,20,0.0,1.8840597695876063e-30,,100,linear_q
350,12694,0.050000000000000044,3.7681100122946374,129,0,20,0.0,2.093399743986229e-31,,100,linear_q
351,12695,0.050000000000000044,6.972389393084963,128,0,20,0.0,8.373598975944916e-31,,100,linear_q
352,12696,0.050000000000000044,4.584305124123848,119,0,20,0.0,1.8840597695876063e-30,,100,linear_q
353,12697,0.050000000000000044,3.5477795865666244,137,0,20,0.0,0.0,,100,linear_q
354,12698,0.050000000000000044,6.336192473943425,131,0,20,0.0,8.373598975944916e-31,,100,linear_q
355,12699,0.050000000000000044,7.6033169152188895,108,0,20,0.0,3.3494395903779665e-30,,100,linear_q
356,12700,0.050000000000000044,8.369137282105262,104,0,20,0.0,0.0,,100,linear_q
357,12701,0.050000000000000044,6.572102629620434,107,0,20,0.0,0.0,,100,linear_q
358,12702,0.050000000000000044,5.774003297580644,106,0,20,0.0,0.0,,100,linear_q
359,12703,0.050000000000000044,7.622807710874301,111,0,20,0.0,8.373598975944916e-31,,100,linear_q
360,12704,0.050000000000000044,5.071716341345548,102,0,20,0.0,2.093399743986229e-31,,100,linear_q
361,12705,0.050000000000000044,4.571764132026201,112,0,20,0.0,8.373598975944916e-31,,100,linear_q
362,12706,0.050000000000000044,6.515333401793761,123,0,20,0.0,3.3494395903779665e-30,,100,linear_q
363,12707,0.050000000000000044,7.5560366859215495,113,0,20,0.0,0.0,,100,linear_q
364,12708,0.050000000000000044,7.168859101446536,116,0,20,0.0,8.373598975944916e-31,,100,linear_q
365,12709,0.050000000000000044,4.775412112762822,113,0,20,0.0,8.373598975944916e-31,,100,linear_q
366,12710,0.050000000000000044,5.188350698331866,127,0,20,0.0,2.093399743986229e-31,,100,linear_q
367,12711,0.050000000000000044,6.909051461046185,120,0,20,0.0,2.093399743986229e-31,,100,linear_q
368,12712,0.050000000000000044,7.057125723762713,110,0,20,0.0,0.0,,100,linear_q
369,12713,0.050000000000000044,7.062966710687199,119,0,20,0.0,0.0,,100,linear_q
370,12714,0.050000000000000044,6.147209689158303,111,0,20,0.012956924971724071,8.373598975944916e-31,,100,linear_q
371,12715,0.050000000000000044,6.62601296560372,114,0,20,0.0,2.093399743986229e-31,,100,linear_q
372,12716,0.050000000000000044,6.561221910400784,105,0,20,0.0,0.0,,100,linear_q
373,12717,0.050000000000000044,6.497383270495284,109,0,20,0.0,8.373598975944916e-31,,100,linear_q
374,12718,0.050000000000000044,4.873575616985822,101,0,20,0.0,0.0,,100,linear_q
375,12719,0.050000000000000044,5.510431986144301,128,0,20,0.0,1.8840597695876063e-30,,100,linear_q
376,12720,0.050000000000000044,3.5953233811366436,130,0,20,0.0,2.093399743986229e-31,,100,linear_q
377,12721,0.050000000000000044,6.454223045487066,122,0,20,0.0,8.373598975944916e-31,,100,linear_q
378,12722,0.050000000000000044,6.169074839167949,126,0,20,0.0,8.373598975944916e-31,,100,linear_q
379,12723,0.050000000000000044,6.651712026774273,120,0,20,0.0,8.373598975944916e-31,,100,linear_q
380,12724,0.050000000000000044,4.064436274320539,116,0,20,0.0,0.0,,100,linear_q
381,12725,0.050000000000000044,7.436006686462343,113,0,20,0.0,0.0,,100,linear_q
382,12726,0.050000000000000044,4.335190951867607,94,0,20,0.0,2.093399743986229e-31,,100,linear_q
383,12727,0.050000000000000044,5.926832984511113,114,0,20,0.0,1.8840597695876063e-30,,100,linear_q
384,12728,0.050000000000000044,5.4946604523224325,117,0,20,0.0,2.093399743986229e-31,,100,linear_q
385,12729,0.050000000000000044,7.682442635044,107,0,20,0.0,3.3494395903779665e-30,,100,linear_q
386,12730,0.050000000000000044,5.2973263733706,108,0,20,0.0,2.093399743986229e-31,,100,linear_q
387,12731,0.050000000000000044,6.959575420741456,124,0,20,0.0,3.3494395903779665e-30,,100,linear_q
388,12732,0.050000000000000044,3.926396266115486,119,0,20,0.0,0.0,,100,linear_q
389,12733,0.050000000000000044,7.429397240175122,108,0,20,0.0,3.3494395903779665e-30,,100,linear_q
390,12734,0.050000000000000044,6.44258580369536,108,0,20,0.0,2.093399743986229e-31,,100,linear_q
391,12735,0.050000000000000044,5.212366765751182,127,0,20,0.0,1.8840597695876063e-30,,100,linear_q
392,12736,0.050000000000000044,7.2350723524467915,117,0,20,0.0,3.3494395903779665e-30,,100,linear_q
393,12737,0.050000000000000044,5.959287862090478,106,0,20,0.0,0.0,,100,linear_q
394,12738,0.050000000000000044,7.114674200211606,113,0,20,0.0,0.0,,100,linear_q
395,12739,0.050000000000000044,6.861050932608817,114,0,20,0.0,8.373598975944916e-31,,100,linear_q
396,12740,0.050000000000000044,3.6626009126816226,96,0,20,0.0,2.093399743986229e-31,,100,linear_q
397,12741,0.050000000000000044,5.048070490507084,125,0,20,0.0,0.0,,100,linear_q
398,12742,0.050000000000000044,4.902916367389972,114,0,20,0.0,8.373598975944916e-31,,100,linear_q
399,12743,0.050000000000000044,6.524576471222685,110,0,20,0.0,8.373598975944916e-31,,100,linear_q
400,12744,0.050000000000000044,5.68249687387657,111,0,20,0.0,2.093399743986229e-31,,100,linear_q
401,12745,0.050000000000000044,6.703835299975761,119,0,20,0.0,8.373598975944916e-31,,100,linear_q
402,12746,0.050000000000000044,7.476328829405216,121,0,20,0.0,8.373598975944916e-31,,100,linear_q
403,12747,0.050000000000000044,7.340456665703776,124,0,20,0.0,0.0,,100,linear_q
404,12748,0.050000000000000044,7.039125616621961,114,0,20,0.0,0.0,,100,linear_q
405,12749,0.050000000000000044,7.346163083065806,106,0,20,0.0,3.3494395903779665e-30,,100,linear_q
406,12750,0.050000000000000044,6.814802257506405,105,0,20,0.0,2.093399743986229e-31,,100,linear_q
407,12751,0.050000000000000044,4.959100613448037,111,0,20,0.0,2.093399743986229e-31,,100,linear_q
408,12752,0.050000000000000044,4.149528351614876,94,0,20,0.0,0.0,,100,linear_q
409,12753,0.050000000000000044,6.161873962341102,124,0,20,0.0,8.373598975944916e-31,,100,linear_q
410,12754,0.050000000000000044,3.9437709875760407,100,0,20,0.0,5.233499359965573e-32,,100,linear_q
411,12755,0.050000000000000044,7.106266646282459,115,0,20,0.0,0.0,,100,linear_q
412,12756,0.050000000000000044,5.1808213849134415,108,0,20,0.0,2.093399743986229e-31,,100,linear_q
413,12757,0.050000000000000044,6.084782804289113,108,0,20,0.0,5.233499359965573e-30,,100,linear_q
414,12758,0.050000000000000044,7.107675208758886,118,0,20,0.0,0.0,,100,linear_q
415,12759,0.050000000000000044,6.417217556355947,111,0,20,0.0,8.373598975944916e-31,,100,linear_q
416,12760,0.050000000000000044,6.038672926400294,102,0,20,0.0,3.3494395903779665e-30,,100,linear_q
417,12761,0.050000000000000044,3.839609480255188,107,0,20,0.0,2.093399743986229e-31,,100,linear_q
418,12762,0.050000000000000044,5.07103249122992,125,0,20,0.0,8.373598975944916e-31,,100,linear_q
419,12763,0.050000000000000044,6.24534661412912,118,0,20,0.0,2.093399743986229e-31,,100,linear_q
420,12764,0.050000000000000044,5.995207779514868,109,0,20,0.0,1.8840597695876063e-30,,100,linear_q
421,12765,0.050000000000000044,7.688769066465532,127,0,20,0.0,0.0,,100,linear_q
422,12766,0.050000000000000044,4.003205757976415,118,0,20,0.0,0.0,,100,linear_q
423,12767,0.050000000000000044,4.240024409353316,130,0,20,0.0,0.0,,100,linear_q
424,12768,0.050000000000000044,6.407905534195074,133,0,20,0.0,3.3494395903779665e-30,,100,linear_q
425,12769,0.050000000000000044,3.9230959867972666,118,0,20,0.0,4.710149423969016e-31,,100,linear_q
426,12770,0.050000000000000044,11.198480246477327,112,0,20,0.0,7.536239078350425e-30,,100,linear_q
427,12771,0.050000000000000044,7.764009762075732,109,0,20,0.0,3.3494395903779665e-30,,100,linear_q
428,12772,0.050000000000000044,6.429999882396852,114,0,20,0.0,8.373598975944916e-31,,100,linear_q
429,12773,0.050000000000000044,3.978303010677972,108,0,20,0.0,2.093399743986229e-31,,100,linear_q
430,12774,0.050000000000000044,5.938167431932202,121,0,20,0.0,1.8840597695876063e-30,,100,linear_q
431,12775,0.050000000000000044,6.175657896977608,130,0,20,0.0,0.0,,100,linear_q
432,12776,0.050000000000000044,3.8187952519929036,127,0,20,0.0,8.373598975944916e-31,,100,linear_q
433,12777,0.050000000000000044,4.512549290987898,131,0,20,0.0,0.0,,100,linear_q
434,12778,0.050000000000000044,7.588365830451541,119,0,20,0.0,0.0,,100,linear_q
435,12779,0.050000000000000044,5.40649957793976,109,0,20,0.0,8.373598975944916e-31,,100,linear_q
436,12780,0.050000000000000044,7.273059505364172,117,0,20,0.0,8.373598975944916e-31,,100,linear_q
437,12781,0.050000000000000044,7.233962298093193,104,0,20,0.0,8.373598975944916e-31,,100,linear_q
438,12782,0.050000000000000044,5.744499424473529,114,0,20,0.0,1.8840597695876063e-30,,100,linear_q
439,12783,0.050000000000000044,7.113729355119067,118,0,20,0.0,0.0,,100,linear_q
440,12784,0.050000000000000044,3.9375111813533357,96,0,20,0.0,0.0,,100,linear_q
441,12785,0.050000000000000044,7.48284525505489,118,0,20,0.0,3.3494395903779665e-30,,100,linear_q
442,12786,0.050000000000000044,7.711161395463406,118,0,20,0.0,3.3494395903779665e-30,,100,linear_q
443,12787,0.050000000000000044,5.864294110776984,126,0,20,0.0,3.3494395903779665e-30,,100,linear_q
444,12788,0.050000000000000044,4.626924493872644,117,0,20,0.0,2.093399743986229e-31,,100,linear_q
445,12789,0.050000000000000044,5.883884637726124,114,0,20,0.0,0.0,,100,linear_q
446,12790,0.050000000000000044,6.984132725929903,118,0,20,0.0,0.0,,100,linear_q
447,12791,0.050000000000000044,6.198020707030205,118,0,20,0.0,8.373598975944916e-31,,100,linear_q
448,12792,0.050000000000000044,9.273163607823633,117,0,20,0.0,0.0,,100,linear_q
449,12793,0.050000000000000044,8.528191266130179,103,0,20,0.0,0.0,,100,linear_q
450,12794,0.050000000000000044,6.146286904706355,91,0,20,0.0,8.373598975944916e-31,,100,linear_q
451,12795,0.050000000000000044,7.261493920871637,101,0,20,0.0,3.3494395903779665e-30,,100,linear_q
452,12796,0.050000000000000044,5.463361908977462,116,0,20,0.0,2.093399743986229e-31,,100,linear_q
453,12797,0.050000000000000044,6.509699476858642,110,0,20,0.0,8.373598975944916e-31,,100,linear_q
454,12798,0.050000000000000044,7.968168393326325,108,0,20,0.0,0.0,,100,linear_q
455,12799,0.050000000000000044,5.583953741490032,110,0,20,0.0,2.093399743986229e-31,,100,linear_q
456,12800,0.050000000000000044,5.706100470013764,125,0,20,0.0,8.373598975944916e-31,,100,linear_q
457,12801,0.050000000000000044,6.2153805454554325,123,0,20,0.0,8.373598975944916e-31,,100,linear_q
458,12802,0.050000000000000044,3.950776150151483,121,0,20,0.0,8.373598975944916e-31,,100,linear_q
459,12803,0.050000000000000044,6.115341032426898,129,0,20,0.0,2.093399743986229e-31,,100,linear_q
460,12804,0.050000000000000044,3.723309235227627,117,0,20,0.0,0.0,,100,linear_q
461,12805,0.050000000000000044,5.673238906930431,133,0,20,0.0,1.8840597695876063e-30,,100,linear_q
462,12806,0.050000000000000044,5.325145722677854,118,0,20,0.0,8.373598975944916e-31,,100,linear_q
463,12807,0.050000000000000044,8.182448682157967,120,0,20,0.0,0.0,,100,linear_q
464,12808,0.050000000000000044,4.783999858818537,107,0,20,0.0,8.373598975944916e-31,,100,linear_q
465,12809,0.050000000000000044,7.559522217855773,115,0,20,0.0,0.0,,100,linear_q
466,12810,0.050000000000000044,7.532880469734836,115,0,20,0.0,0.0,,100,linear_q
467,12811,0.050000000000000044,5.314491547761491,110,0,20,0.0,2.093399743986229e-31,,100,linear_q
468,12812,0.050000000000000044,5.101755494154439,123,0,20,0.0,8.373598975944916e-31,,100,linear_q
469,12813,0.050000000000000044,5.961103883029678,129,0,20,0.0,8.373598975944916e-31,,100,linear_q
470,12814,0.050000000000000044,4.988596651575786,115,0,20,0.0,2.093399743986229e-31,,100,linear_q
471,12815,0.050000000000000044,6.678954396447147,130,0,20,0.0,3.3494395903779665e-30,,100,linear_q
472,12816,0.050000000000000044,6.232159749891782,122,0,20,0.0,8.373598975944916e-31,,100,linear_q
473,12817,0.050000000000000044,5.8784373645680725,124,0,20,0.0,3.3494395903779665e-30,,100,linear_q
474,12818,0.050000000000000044,7.908334526644541,123,0,20,0.0,8.373598975944916e-31,,100,linear_q
475,12819,0.050000000000000044,8.40507863013049,111,0,20,0.0,0.0,,100,linear_q
476,12820,0.050000000000000044,5.819702910559188,115,0,20,0.0,3.3494395903779665e-30,,100,linear_q
477,12821,0.050000000000000044,3.4572443807217708,122,0,20,0.0,8.373598975944916e-31,,100,linear_q
478,12822,0.050000000000000044,6.887569863402216,108,0,20,0.0,8.373598975944916e-31,,100,linear_q
479,12823,0.050000000000000044,3.1153517562936663,115,0,20,0.0,0.0,,100,linear_q
480,12824,0.050000000000000044,5.6203275246677205,140,0,20,0.0,8.373598975944916e-31,,100,linear_q
481,12825,0.050000000000000044,8.90744089494302,122,0,20,0.0,8.373598975944916e-31,,100,linear_q
482,12826,0.050000000000000044,6.011919785471084,120,0,20,0.0,1.8840597695876063e-30,,100,linear_q
483,12827,0.050000000000000044,6.201898665945425,123,0,20,0.0,3.3494395903779665e-30,,100,linear_q
484,12828,0.050000000000000044,7.816449744535741,105,0,20,0.0,3.3494395903779665e-30,,100,linear_q
485,12829,0.050000000000000044,7.333134316848601,113,0,20,0.0,8.373598975944916e-31,,100,linear_q
486,12830,0.050000000000000044,3.966466838120897,113,0,20,0.0,8.373598975944916e-31,,100,linear_q
487,12831,0.050000000000000044,4.8924319769529525,121,0,20,0.0,8.373598975944916e-31,,100,linear_q
488,12832,0.050000000000000044,3.4312061795367264,106,0,20,0.0,5.233499359965573e-32,,100,linear_q
489,12833,0.050000000000000044,8.855096667089446,129,0,20,0.0,0.0,,100,linear_q
490,12834,0.050000000000000044,3.8292587604040547,113,0,20,0.0,0.0,,100,linear_q
491,12835,0.050000000000000044,6.1206628928369,115,0,20,0.0,0.0,,100,linear_q
492,12836,0.050000000000000044,6.145017498065506,123,0,20,0.0,3.3494395903779665e-30,,100,linear_q
493,12837,0.050000000000000044,7.30763224419446,121,0,20,0.0,0.0,,100,linear_q
494,12838,0.050000000000000044,6.284290826301095,109,0,20,0.0,1.8840597695876063e-30,,100,linear_q
495,12839,0.050000000000000044,11.045533441454557,98,0,20,0.0,7.536239078350425e-30,,100,linear_q
496,12840,0.050000000000000044,8.87195765815325,105,0,20,0.0,0.0,,100,linear_q
497,12841,0.050000000000000044,3.6628685987248586,93,0,20,0.0,0.0,,100,linear_q
498,12842,0.050000000000000044,4.136535379093104,107,0,20,0.0,0.0,,100,linear_q
499,12843,0.050000000000000044,8.067202939188183,122,0,20,0.0,8.373598975944916e-31,,100,linear_q
500,12844,0.050000000000000044,7.296357430528547,107,0,20,0.0,8.373598975944916e-31,,100,linear_q
