episode,seed,epsilon,episode_return,episode_steps,invalid_actions,finalized_generations,final_generation_gain,episode_total_genetic_gain,episode_mean_generation_gain,final_variance_retention,q_table_states,model_size,agent_kind,model_available_steps,uncertainty_available_steps,pev_available_steps,action_random_count,action_diversity_count,action_highest_pev_count,action_highest_gebv_count,action_stop_count
1,30001,1.0,14.487820860160898,24,0,8,0.4467974386125251,4.937968612595201,0.6172460765744001,0.07437780371660047,,30,linear_q,8,8,8,10,9,2,2,1
2,30002,0.997625,13.86681787682483,24,0,8,0.17200876789239716,3.238942781480818,0.40486784768510226,0.1540776063905969,,30,linear_q,8,8,8,10,7,1,4,2
3,30003,0.99525,7.890439215134007,24,0,8,-0.005994544116220801,2.97279985935326,0.3715999824191575,0.000610665979050722,,30,linear_q,8,8,8,8,12,2,1,1
4,30004,0.992875,12.14870338931639,24,0,8,0.19686324719190296,2.6068988023318047,0.3258623502914756,0.181540348992905,,30,linear_q,8,8,8,13,6,2,0,3
5,30005,0.9905,11.328825064322807,24,0,8,-0.0894461923235994,4.664232009418718,0.5830290011773398,0.24844716660115207,,30,linear_q,8,8,8,9,10,4,0,1
6,30006,0.988125,10.35023038462678,24,0,8,-0.14338311246735547,4.785907649663353,0.5982384562079192,0.16920999227527933,,30,linear_q,8,8,8,14,8,1,0,1
7,30007,0.98575,13.719840341328403,24,0,8,0.04351671271968982,4.476650420994914,0.5595813026243642,0.022841973898273298,,30,linear_q,8,8,8,11,9,3,1,0
8,30008,0.983375,12.69223903324583,24,0,8,0.5228298278173185,3.3789922654168927,0.4223740331771116,0.0715338494145194,,30,linear_q,8,8,8,13,6,2,2,1
9,30009,0.981,10.164935746921152,24,0,8,0.1024460661601152,3.5583919383527065,0.4447989922940883,0.07658782972865297,,30,linear_q,8,8,8,9,8,1,1,5
10,30010,0.978625,12.469545433427813,24,0,8,0.3241670941822634,3.788557708993099,0.47356971362413736,0.2284887840621673,,30,linear_q,8,8,8,5,15,1,1,2
11,30011,0.97625,10.668960057877849,24,0,8,-0.028291825129758585,4.229090277524865,0.5286362846906081,0.008528276268238972,,30,linear_q,8,8,8,13,4,3,1,3
12,30012,0.973875,14.876151775746825,24,0,8,0.18954273878347916,4.485851506739295,0.5607314383424119,0.03899967949190397,,30,linear_q,8,8,8,5,12,0,4,3
13,30013,0.9715,13.605015385660348,24,0,8,0.11955190694830264,3.8036370545869493,0.47545463182336867,0.11551957153092184,,30,linear_q,8,8,8,8,10,2,2,2
14,30014,0.969125,13.50107143276307,24,0,8,0.26471703812198477,3.958515137662097,0.49481439220776213,0.04167647351415481,,30,linear_q,8,8,8,8,11,2,1,2
15,30015,0.96675,11.149347591140563,24,0,8,0.03850444098704964,3.0513802555100673,0.3814225319387584,0.03385747835581856,,30,linear_q,8,8,8,13,6,2,2,1
16,30016,0.964375,14.437948090174306,24,0,8,0.32542722301736404,2.95859941862016,0.36982492732752,0.060894804446606034,,30,linear_q,8,8,8,8,12,2,2,0
17,30017,0.962,14.04894688624188,24,0,8,0.05621083542894967,3.5333579991147377,0.4416697498893422,0.011898476255961167,,30,linear_q,8,8,8,9,8,3,1,3
18,30018,0.959625,13.044991177935835,24,0,8,-0.07055921926299824,3.530775389871685,0.4413469237339606,0.06445192336642094,,30,linear_q,8,8,8,8,11,2,2,1
19,30019,0.95725,11.56165505655117,24,0,8,0.05401519418700573,3.2340680375773876,0.40425850469717345,0.03905113538060584,,30,linear_q,8,8,8,13,5,2,4,0
20,30020,0.954875,12.083118509404041,24,0,8,-0.1095990061352774,4.435079657007453,0.5543849571259316,0.031102411180317025,,30,linear_q,8,8,8,14,6,2,0,2
21,30021,0.9525,16.04782813908498,24,0,8,0.3029557012284485,3.930537874864286,0.49131723435803576,0.16052815881715624,,30,linear_q,8,8,8,7,12,3,1,1
22,30022,0.950125,10.278444794192032,24,0,8,-0.31928736635060107,2.3641280769220074,0.29551600961525093,0.06430750885851869,,30,linear_q,8,8,8,9,9,1,1,4
23,30023,0.94775,13.723487260729463,24,0,8,0.10992403590407562,4.204804034732192,0.525600504341524,0.05041277604631568,,30,linear_q,8,8,8,11,8,1,3,1
24,30024,0.945375,14.96478459588219,24,0,8,0.40794226080489215,4.230750794000681,0.5288438492500851,0.09339173348451739,,30,linear_q,8,8,8,12,7,1,2,2
25,30025,0.9430000000000001,9.147013978189793,24,0,8,-0.024731035246274402,4.2276128623471685,0.5284516077933961,3.0508529686845755e-30,,30,linear_q,8,8,8,7,12,2,2,1
26,30026,0.940625,9.530846992619297,24,0,8,-0.01982880115949559,3.9335734705099545,0.4916966838137443,0.002441819348583587,,30,linear_q,8,8,8,13,8,2,0,1
27,30027,0.93825,11.077198060670323,24,0,8,0.2723376225839611,2.439782748652827,0.30497284358160337,0.07843967995992134,,30,linear_q,8,8,8,7,10,2,1,4
28,30028,0.935875,16.218633419021685,24,0,8,0.3687610942825472,5.148520626094359,0.6435650782617949,0.1640463396853601,,30,linear_q,8,8,8,8,13,1,0,2
29,30029,0.9335,12.534647414955106,24,0,8,-0.034229947988496434,4.072864869106115,0.5091081086382644,0.03397516425464671,,30,linear_q,8,8,8,8,12,2,1,1
30,30030,0.931125,12.940609156284781,24,0,8,0.02906588464351234,3.9541031380437377,0.4942628922554672,0.024380272282586588,,30,linear_q,8,8,8,12,7,1,3,1
31,30031,0.92875,12.982504826078035,24,0,8,0.13611477980078002,3.9581951576055205,0.49477439470069007,0.05201185993141849,,30,linear_q,8,8,8,12,10,1,1,0
32,30032,0.926375,9.221403349542877,24,0,8,0.008908218302372983,2.2682143880676024,0.2835267985084503,0.005772844366143609,,30,linear_q,8,8,8,10,11,2,1,0
33,30033,0.924,15.479018569235459,24,0,8,0.2378053263042199,3.6053477875754902,0.4506684734469363,0.017080748646188165,,30,linear_q,8,8,8,12,7,2,1,2
34,30034,0.921625,13.777254274810081,24,0,8,0.30726217754648744,4.8835605637702955,0.6104450704712869,0.04759663218921024,,30,linear_q,8,8,8,12,7,2,2,1
35,30035,0.91925,10.572495926797629,24,0,8,0.0011020240594930009,2.821993666259921,0.3527492082824901,0.00021862901951224633,,30,linear_q,8,8,8,7,13,2,2,0
36,30036,0.916875,10.996297310646439,24,0,8,0.17028298703994604,3.4636343950418014,0.43295429938022517,0.02474420239429188,,30,linear_q,8,8,8,10,8,4,1,1
37,30037,0.9145,9.438047762632353,24,0,8,0.053829257705055866,3.4345471466319792,0.4293183933289974,0.11776175074148537,,30,linear_q,8,8,8,11,10,1,1,1
38,30038,0.912125,7.344151565445843,24,0,8,-0.03632372543288698,2.339728767943767,0.29246609599297085,0.0071867010808449915,,30,linear_q,8,8,8,3,15,1,0,5
39,30039,0.9097500000000001,14.753058509747007,24,0,8,0.059186956036387794,3.7217095188898246,0.4652136898612281,0.06955245594354002,,30,linear_q,8,8,8,10,9,2,2,1
40,30040,0.907375,10.592549959827885,24,0,8,0.16833117105054596,3.6356700964960402,0.45445876206200503,0.10409164297472202,,30,linear_q,8,8,8,11,6,3,2,2
41,30041,0.905,11.974654712440621,24,0,8,0.00822964272782567,4.068111412541839,0.5085139265677299,0.12364353313933088,,30,linear_q,8,8,8,12,6,3,2,1
42,30042,0.902625,15.063235574351495,24,0,8,0.27430813974182566,4.973940677257616,0.621742584657202,0.05695729769077382,,30,linear_q,8,8,8,9,10,2,1,2
43,30043,0.90025,13.690321056250863,24,0,8,0.41445846889459137,4.05201419000141,0.5065017737501762,0.04651028292992572,,30,linear_q,8,8,8,10,10,0,2,2
44,30044,0.897875,15.558589478617442,24,0,8,0.24578394075912469,4.239462968384494,0.5299328710480617,0.0762918861326028,,30,linear_q,8,8,8,11,6,3,2,2
45,30045,0.8955,13.172059983891268,24,0,8,0.20140110009904477,3.982896821205615,0.49786210265070185,0.05725835181311812,,30,linear_q,8,8,8,4,14,3,2,1
46,30046,0.893125,10.739243624472909,24,0,8,0.02469649399141094,3.8234636903752084,0.47793296129690105,0.04189328886626342,,30,linear_q,8,8,8,12,10,0,2,0
47,30047,0.89075,11.338484858875058,24,0,8,0.09842556482469877,4.597422602953955,0.5746778253692444,0.001382832703223416,,30,linear_q,8,8,8,9,13,1,1,0
48,30048,0.888375,13.574981787211868,24,0,8,0.08911365665815918,3.244273420946829,0.40553417761835364,0.16276772237490203,,30,linear_q,8,8,8,10,10,1,2,1
49,30049,0.886,15.904973879002704,24,0,8,0.441638961740189,4.613685696603224,0.576710712075403,0.1207239236585801,,30,linear_q,8,8,8,7,11,1,1,4
50,30050,0.883625,12.083916418945256,24,0,8,0.06505332154525822,3.6467722412090113,0.4558465301511264,0.017857620018584423,,30,linear_q,8,8,8,10,9,2,0,3
51,30051,0.88125,8.556169881680347,24,0,8,0.07348138076404265,2.4824228108718653,0.31030285135898317,0.02910689607322268,,30,linear_q,8,8,8,5,14,3,0,2
52,30052,0.878875,14.889876862526421,24,0,8,0.14080712378170412,4.047216576109141,0.5059020720136427,0.0330960755549953,,30,linear_q,8,8,8,8,11,2,1,2
53,30053,0.8765000000000001,14.658982793967231,24,0,8,0.045258112725897526,5.375018932327153,0.6718773665408941,0.1295125306524199,,30,linear_q,8,8,8,9,9,3,1,2
54,30054,0.874125,10.912155670502917,24,0,8,-0.00544098659661163,4.216025006621141,0.5270031258276426,0.031061931413789393,,30,linear_q,8,8,8,14,3,3,0,4
55,30055,0.87175,8.131346238748886,24,0,8,0.07846510486028002,2.8556415781697733,0.35695519727122166,0.00507161528068194,,30,linear_q,8,8,8,9,10,3,2,0
56,30056,0.869375,8.479724149663907,24,0,8,0.3015113185131879,2.4458944032667373,0.30573680040834217,0.033630425730737525,,30,linear_q,8,8,8,9,10,2,1,2
57,30057,0.867,14.48383776525894,24,0,8,0.4091146179823939,5.327987971132797,0.6659984963915996,0.05786457994445881,,30,linear_q,8,8,8,8,14,0,1,1
58,30058,0.864625,12.514326380289114,24,0,8,-0.1643919715995148,4.641102417583978,0.5801378021979973,0.088771394306539,,30,linear_q,8,8,8,8,8,2,2,4
59,30059,0.86225,12.381594313336016,24,0,8,-0.13023289872979626,3.6830517448768103,0.4603814681096013,0.11964495764964998,,30,linear_q,8,8,8,8,10,1,0,5
60,30060,0.859875,13.797109682728063,24,0,8,-0.011484911883141713,4.002234415240968,0.500279301905121,0.010702963052138529,,30,linear_q,8,8,8,6,13,0,2,3
61,30061,0.8575,16.00664395640106,24,0,8,0.2716271837141946,5.391798070329042,0.6739747587911302,0.027520674612213417,,30,linear_q,8,8,8,7,13,3,1,0
62,30062,0.855125,14.470184638149286,24,0,8,0.1752770619481252,4.422947701123401,0.5528684626404251,0.06135978673595352,,30,linear_q,8,8,8,10,11,0,2,1
63,30063,0.85275,11.082637987013772,24,0,8,0.0385167486021718,2.9750351451344157,0.37187939314180196,0.039657950213807594,,30,linear_q,8,8,8,13,8,0,2,1
64,30064,0.850375,8.92431437737844,24,0,8,-0.055133295597857845,3.1798164780532656,0.3974770597566582,0.006002069387190849,,30,linear_q,8,8,8,8,9,2,3,2
65,30065,0.848,15.530556425550309,24,0,8,0.10864006696486594,5.448497437355424,0.681062179669428,0.25155386739735736,,30,linear_q,8,8,8,8,10,2,3,1
66,30066,0.8456250000000001,11.97134239865882,24,0,8,0.37008710185310356,4.364676017609075,0.5455845022011344,0.03964108375218041,,30,linear_q,8,8,8,6,16,2,0,0
67,30067,0.84325,13.217486995662657,24,0,8,-0.010834141405073439,4.651968917539288,0.581496114692411,0.012451363554874497,,30,linear_q,8,8,8,6,13,1,2,2
68,30068,0.840875,11.790422805808207,24,0,8,0.14749347377178523,2.8945418091827606,0.3618177261478451,0.05584688342410157,,30,linear_q,8,8,8,11,9,2,2,0
69,30069,0.8385,15.932894370053138,24,0,8,0.21738313976642676,4.923690467706615,0.6154613084633269,0.04434216490341957,,30,linear_q,8,8,8,14,5,2,1,2
70,30070,0.836125,12.045179324185588,24,0,8,0.05094733408591656,3.260269999139066,0.4075337498923832,0.03439930329142658,,30,linear_q,8,8,8,9,9,0,1,5
71,30071,0.83375,15.093226934414911,24,0,8,0.2501527530942438,3.255291494854118,0.40691143685676473,0.10717211203712959,,30,linear_q,8,8,8,10,8,2,0,4
72,30072,0.831375,10.035793018008084,24,0,8,-0.02649032375941962,3.0349605049792716,0.37937006312240895,0.1485343845097113,,30,linear_q,8,8,8,11,6,1,1,5
73,30073,0.829,11.796497259174926,24,0,8,0.14201901901288316,4.542051374366996,0.5677564217958745,0.008031214747622788,,30,linear_q,8,8,8,11,6,2,1,4
74,30074,0.8266249999999999,16.161793511407993,24,0,8,0.4467179390015139,4.374439650609924,0.5468049563262405,0.09444785468862282,,30,linear_q,8,8,8,11,9,1,1,2
75,30075,0.82425,10.489642488108844,24,0,8,-0.044942937619852685,2.7642258056957085,0.34552822571196357,0.04078783501309926,,30,linear_q,8,8,8,12,8,0,2,2
76,30076,0.821875,9.998684069486787,24,0,8,-0.026760770865017047,3.6560493032713803,0.45700616290892254,0.053305768988213965,,30,linear_q,8,8,8,6,15,1,1,1
77,30077,0.8195,11.808334207629487,24,0,8,-0.0203440161285684,3.4733593448121636,0.43416991810152045,0.019503099479707752,,30,linear_q,8,8,8,11,10,1,0,2
78,30078,0.817125,12.433080841331355,24,0,8,-0.07138872012920405,4.17442290456663,0.5218028630708288,0.01649298969299488,,30,linear_q,8,8,8,10,7,2,1,4
79,30079,0.81475,13.48111193826697,24,0,8,0.42750129016812455,3.9611797072991712,0.4951474634123964,0.16086096549837564,,30,linear_q,8,8,8,11,9,1,2,1
80,30080,0.8123750000000001,11.384613182653066,24,0,8,0.1918613557625255,4.265369415026442,0.5331711768783053,0.025822777908013815,,30,linear_q,8,8,8,10,13,1,0,0
81,30081,0.81,12.992361797708037,24,0,8,-0.04847898758107583,3.5926127075626,0.449076588445325,0.023336935323842418,,30,linear_q,8,8,8,6,15,1,0,2
82,30082,0.807625,11.516171103829844,24,0,8,0.26948676613738565,2.6016090947931123,0.32520113684913904,0.09899992861386407,,30,linear_q,8,8,8,10,10,2,0,2
83,30083,0.80525,11.054608517961567,24,0,8,0.0275670351312316,4.3576720247117215,0.5447090030889652,0.01417420974149554,,30,linear_q,8,8,8,4,16,1,1,2
84,30084,0.802875,12.603982149603373,24,0,8,-0.005596154489992955,3.5087629066140713,0.4385953633267589,0.021863683147424973,,30,linear_q,8,8,8,10,8,2,2,2
85,30085,0.8005,15.402533635032048,24,0,8,0.5924810610234359,4.683781826270723,0.5854727282838403,0.19726163349597062,,30,linear_q,8,8,8,7,11,2,2,2
86,30086,0.798125,15.659893452541288,24,0,8,0.4061959310828529,3.969533390025562,0.49619167375319523,0.01813893759287703,,30,linear_q,8,8,8,11,9,1,1,2
87,30087,0.79575,11.653119221321344,24,0,8,0.230031765593675,2.0427691775131134,0.25534614718913917,0.05537251811422638,,30,linear_q,8,8,8,13,7,2,0,2
88,30088,0.7933749999999999,12.587269683420685,24,0,8,0.038034670360916234,2.2209846706127645,0.27762308382659556,2.128134883541339e-31,,30,linear_q,8,8,8,11,7,3,1,2
89,30089,0.791,15.358299691488343,24,0,8,0.1429916204459345,3.8406935273545306,0.48008669091931633,0.018386599097803717,,30,linear_q,8,8,8,12,7,4,0,1
90,30090,0.788625,9.220313693557337,24,0,8,-0.16022960427782218,2.69005043772462,0.3362563047155775,0.014233276290076547,,30,linear_q,8,8,8,12,7,1,2,2
91,30091,0.78625,14.915205671827792,24,0,8,0.25132548521280507,2.874148541799663,0.35926856772495785,0.07728971147639911,,30,linear_q,8,8,8,15,7,0,1,1
92,30092,0.783875,12.878270071287496,24,0,8,0.008661139841541932,3.499005408297925,0.43737567603724065,0.07883393196461146,,30,linear_q,8,8,8,11,8,1,0,4
93,30093,0.7815,12.99060537827891,24,0,8,-0.03169469847594675,3.9761823141140407,0.4970227892642551,0.014659038809496776,,30,linear_q,8,8,8,11,7,1,3,2
94,30094,0.7791250000000001,10.829263380870305,24,0,8,-0.005232959152178918,4.024644328744326,0.5030805410930408,0.13320599435293715,,30,linear_q,8,8,8,8,11,2,1,2
95,30095,0.77675,14.298597131368469,24,0,8,0.2764051999437034,3.9774584187997486,0.4971823023499686,0.10923831520452709,,30,linear_q,8,8,8,12,7,4,0,1
96,30096,0.774375,12.943187794736374,24,0,8,-0.11969950486250358,5.739948983215457,0.7174936229019321,0.09380604587340093,,30,linear_q,8,8,8,7,13,1,2,1
97,30097,0.772,14.321691173674969,24,0,8,0.07056620616490594,4.663806856316085,0.5829758570395106,0.023284520280274928,,30,linear_q,8,8,8,9,10,3,0,2
98,30098,0.769625,10.919880580695255,24,0,8,0.14563149210316295,3.1681817675264474,0.39602272094080593,7.443111857867545e-05,,30,linear_q,8,8,8,12,9,2,0,1
99,30099,0.76725,6.826413875162158,24,0,8,0.04272901579559418,2.9078215296078183,0.3634776912009773,0.001070400803797916,,30,linear_q,8,8,8,10,9,1,1,3
100,30100,0.764875,14.2212247152692,24,0,8,0.14239037726198056,4.4661443333697575,0.5582680416712197,0.029201525101878317,,30,linear_q,8,8,8,11,10,0,3,0
101,30101,0.7625,10.067736773715172,24,0,8,0.1385932393560534,3.255434584597672,0.406929323074709,0.0053577453102531284,,30,linear_q,8,8,8,8,11,2,0,3
102,30102,0.760125,7.867728057850097,24,0,8,-0.045565357000077356,2.896326870272184,0.362040858784023,0.0011407018532421283,,30,linear_q,8,8,8,8,12,3,1,0
103,30103,0.75775,13.324152476825256,24,0,8,0.031170352623903774,3.7540061881532765,0.46925077351915956,0.0946466187694158,,30,linear_q,8,8,8,8,12,4,0,0
104,30104,0.755375,14.38026437457864,24,0,8,0.3252186956204586,4.6359246245617385,0.5794905780702173,0.08737519636614137,,30,linear_q,8,8,8,10,7,3,1,3
105,30105,0.753,15.00566687472467,24,0,8,0.20962437819598811,4.585098812879577,0.5731373516099472,0.03090262265099786,,30,linear_q,8,8,8,11,8,1,1,3
106,30106,0.750625,11.892591666470718,24,0,8,-0.022876614010678864,4.212979338186997,0.5266224172733747,0.08361767550844995,,30,linear_q,8,8,8,7,9,3,1,4
107,30107,0.7482500000000001,15.574833718795132,24,0,8,0.2675765331801303,3.4780562672013,0.4347570334001625,0.050588922535960874,,30,linear_q,8,8,8,11,6,3,3,1
108,30108,0.7458750000000001,14.619703888941956,24,0,8,0.0921390156224331,4.166411109246065,0.5208013886557581,0.007603230674750972,,30,linear_q,8,8,8,13,5,3,2,1
109,30109,0.7435,13.322839828509622,24,0,8,0.06279816339814737,3.006917110379941,0.3758646387974926,0.10996259229008536,,30,linear_q,8,8,8,11,10,2,1,0
110,30110,0.741125,9.83697459081433,24,0,8,0.0,2.9728531932047932,0.37160664915059916,1.9452619362470337e-31,,30,linear_q,8,8,8,6,12,1,5,0
111,30111,0.73875,13.768914344713675,24,0,8,-0.03483378871197029,4.9066430235205685,0.6133303779400711,0.09185133503126032,,30,linear_q,8,8,8,9,10,3,0,2
112,30112,0.736375,11.321745564579157,24,0,8,-0.035398136978245454,4.406997139074927,0.5508746423843659,0.12766699802311665,,30,linear_q,8,8,8,12,7,4,1,0
113,30113,0.734,9.635105232322786,24,0,8,-0.021148477932525722,2.870613721263025,0.3588267151578781,0.0010775969396894971,,30,linear_q,8,8,8,8,11,0,4,1
114,30114,0.731625,11.543669595954514,24,0,8,0.09582946860689567,3.314510099136641,0.4143137623920801,0.03146608814717924,,30,linear_q,8,8,8,6,10,3,2,3
115,30115,0.72925,16.05730397089493,24,0,8,0.20634196230605717,5.329175921880583,0.6661469902350728,0.11132180044575284,,30,linear_q,8,8,8,6,13,4,0,1
116,30116,0.726875,7.051787670696628,24,0,8,-0.07970891891319143,2.6787843163253524,0.33484803954066905,0.0014997899800505028,,30,linear_q,8,8,8,13,5,3,0,3
117,30117,0.7245,13.985092617141452,24,0,8,-0.011202868685526557,3.928924481202664,0.491115560150333,0.12775564929350836,,30,linear_q,8,8,8,10,10,4,0,0
118,30118,0.722125,13.30588006927837,24,0,8,0.021508822858758325,3.2827092183711843,0.41033865229639804,0.03806237562591543,,30,linear_q,8,8,8,8,11,4,0,1
119,30119,0.71975,15.098013362902252,24,0,8,0.13776503058454548,4.618238655172143,0.5772798318965179,0.03966290230154992,,30,linear_q,8,8,8,8,11,4,1,0
120,30120,0.7173750000000001,12.220218294999647,24,0,8,0.09931630320067342,2.1156408144511176,0.2644551018063897,0.01954818573428604,,30,linear_q,8,8,8,12,7,0,2,3
121,30121,0.7150000000000001,11.639508192881642,24,0,8,-0.173251506406082,3.515642422415987,0.43945530280199835,0.06589260459224501,,30,linear_q,8,8,8,12,7,2,2,1
122,30122,0.7126250000000001,16.163442002213856,24,0,8,0.24101652733174728,4.576344140533032,0.572043017566629,0.21372061341743,,30,linear_q,8,8,8,10,7,4,2,1
123,30123,0.71025,11.17293150566122,24,0,8,0.015452333572304688,2.7770504664786357,0.34713130830982947,0.02733048562862115,,30,linear_q,8,8,8,7,14,1,2,0
124,30124,0.707875,4.749854783565638,24,0,8,0.0767492850880287,2.4567634302850276,0.30709542878562845,0.0029188513535709187,,30,linear_q,8,8,8,6,11,7,0,0
125,30125,0.7055,10.938269767484975,24,0,8,0.12398958841717844,3.3650560336621766,0.4206320042077721,0.10007002493476803,,30,linear_q,8,8,8,10,11,2,1,0
126,30126,0.703125,13.163119347318556,24,0,8,0.04004148275584196,4.1764406742032625,0.5220550842754078,0.029308711835101225,,30,linear_q,8,8,8,14,6,1,1,2
127,30127,0.70075,16.0441106145593,24,0,8,0.41477475278724807,4.649246261975207,0.5811557827469008,0.05679719991294246,,30,linear_q,8,8,8,11,10,2,1,0
128,30128,0.698375,15.148638098225458,24,0,8,0.0682525385033319,5.237145660648414,0.6546432075810518,0.05047006897509399,,30,linear_q,8,8,8,5,11,3,4,1
129,30129,0.696,15.859672772728805,24,0,8,0.18916364981274114,5.125617614443682,0.6407022018054602,0.14151821433640388,,30,linear_q,8,8,8,4,16,2,0,2
130,30130,0.6936249999999999,5.227983986985396,24,0,8,-0.006818763382105075,2.3529932351063323,0.29412415438829154,7.48795914402649e-05,,30,linear_q,8,8,8,4,13,4,3,0
131,30131,0.69125,14.266037553386095,24,0,8,0.02069933683570646,5.569577554228259,0.6961971942785323,0.0507094080687636,,30,linear_q,8,8,8,6,13,3,0,2
132,30132,0.688875,10.642202474571757,24,0,8,0.14335878516646483,2.7714207440771785,0.3464275930096473,0.04727116286334561,,30,linear_q,8,8,8,10,11,1,1,1
133,30133,0.6865,16.370399493283667,24,0,8,0.3333662901714751,6.048522734000019,0.7560653417500024,0.09696382727377083,,30,linear_q,8,8,8,7,10,3,3,1
134,30134,0.684125,11.27110022183134,24,0,8,0.043508401172351885,3.0038218195959563,0.37547772744949454,0.004489253926597024,,30,linear_q,8,8,8,9,8,1,3,3
135,30135,0.6817500000000001,11.890201050913506,24,0,8,0.17617429277223007,3.786312388065647,0.47328904850820586,0.04670029098498472,,30,linear_q,8,8,8,13,6,2,1,2
136,30136,0.6793750000000001,15.308576487653596,24,0,8,0.1854512900620584,3.2152608783736603,0.40190760979670753,0.024358427570373674,,30,linear_q,8,8,8,11,8,3,2,0
137,30137,0.677,13.532640423553369,24,0,8,0.2663296619062909,4.005803360436545,0.5007254200545681,0.0857554843335673,,30,linear_q,8,8,8,5,13,4,0,2
138,30138,0.674625,14.18274208036262,24,0,8,0.10680451520718082,4.010685741209677,0.5013357176512097,0.07814328781678063,,30,linear_q,8,8,8,11,9,3,0,1
139,30139,0.67225,15.477632187907682,24,0,8,0.1290634946379039,4.175975506944674,0.5219969383680843,0.06777177866842594,,30,linear_q,8,8,8,14,8,1,0,1
140,30140,0.669875,12.893247733125548,24,0,8,-0.09139551493967346,4.553939442988605,0.5692424303735756,0.01063745983436907,,30,linear_q,8,8,8,10,8,4,0,2
141,30141,0.6675,12.231908691862388,24,0,8,0.1418168259557766,3.171509094376566,0.39643863679707075,0.03700023909898653,,30,linear_q,8,8,8,12,5,4,0,3
142,30142,0.665125,8.819411691907654,24,0,8,-0.14531500178909784,3.073398242918521,0.3841747803648151,0.09074356838992895,,30,linear_q,8,8,8,12,7,2,3,0
143,30143,0.66275,10.855314236377874,24,0,8,-0.019860968843755433,2.5662346854868465,0.3207793356858558,0.010926255131581332,,30,linear_q,8,8,8,11,6,0,3,4
144,30144,0.660375,15.187814633284198,24,0,8,0.2086682585802877,3.814091129483592,0.476761391185449,0.07623514300379192,,30,linear_q,8,8,8,9,10,5,0,0
145,30145,0.658,7.429992679841593,24,0,8,0.007485897853839685,2.376129760266395,0.29701622003329936,0.10855781928924801,,30,linear_q,8,8,8,6,12,3,2,1
146,30146,0.655625,9.704553152640116,24,0,8,-0.037298579717799374,3.389808857832629,0.4237261072290786,0.009070168527761796,,30,linear_q,8,8,8,9,8,5,1,1
147,30147,0.65325,10.22423693545505,24,0,8,0.06653893782185705,2.8233380396462007,0.3529172549557751,0.027556182077951522,,30,linear_q,8,8,8,13,5,5,0,1
148,30148,0.6508750000000001,11.315907540186544,24,0,8,0.3347233867970276,4.155658874576233,0.5194573593220291,0.04839438576092472,,30,linear_q,8,8,8,11,8,5,0,0
149,30149,0.6485000000000001,8.146632543322756,24,0,8,0.08272974680227785,2.65254701549531,0.33156837693691377,0.010777068055312655,,30,linear_q,8,8,8,13,6,2,2,1
150,30150,0.6461250000000001,10.046134123434113,24,0,8,-0.08984476558534249,3.2355640775075454,0.40444550968844317,0.01702481334314517,,30,linear_q,8,8,8,9,8,5,2,0
151,30151,0.64375,15.67279088846337,24,0,8,0.1279530372640707,5.072956043910608,0.634119505488826,0.06719367124729256,,30,linear_q,8,8,8,9,9,4,0,2
152,30152,0.641375,14.040282135914422,24,0,8,-0.026152346440930785,5.684216429190732,0.7105270536488415,0.028288351580693025,,30,linear_q,8,8,8,6,12,3,1,2
153,30153,0.639,9.959056834347999,24,0,8,0.034976413010174845,2.3854153025273694,0.2981769128159212,0.06009029684606198,,30,linear_q,8,8,8,15,8,1,0,0
154,30154,0.636625,13.530508709301508,24,0,8,-0.03074674080316253,4.697526869327839,0.5871908586659799,0.11346489983783536,,30,linear_q,8,8,8,7,11,4,0,2
155,30155,0.63425,11.28501852507466,24,0,8,0.5174057819703113,3.013722836503161,0.3767153545628951,0.0689947345431738,,30,linear_q,8,8,8,3,15,4,0,2
156,30156,0.631875,11.606397028511731,24,0,8,0.2921186338207935,4.544555630577342,0.5680694538221678,0.05150826095051145,,30,linear_q,8,8,8,3,15,4,1,1
157,30157,0.6295,11.77741854083285,24,0,8,0.2416910473265137,2.836082438599191,0.35451030482489887,0.2221318468336999,,30,linear_q,8,8,8,8,10,6,0,0
158,30158,0.6271249999999999,15.670932512785626,24,0,8,0.20260068438994772,4.441969648817036,0.5552462061021295,0.008617783465267889,,30,linear_q,8,8,8,6,12,3,0,3
159,30159,0.62475,10.276758966838466,24,0,8,-0.022308568258977868,3.861876930889341,0.4827346163611676,0.007278184347686296,,30,linear_q,8,8,8,13,5,3,1,2
160,30160,0.622375,14.43604555234244,24,0,8,0.43855930582370073,4.144975684662693,0.5181219605828367,0.13663639269923816,,30,linear_q,8,8,8,9,7,5,2,1
161,30161,0.62,13.0277339917439,24,0,8,0.18422535752667368,3.22491408456054,0.4031142605700675,0.0727630422135987,,30,linear_q,8,8,8,13,5,4,1,1
162,30162,0.617625,16.1041062389852,24,0,8,0.22009179485743857,5.91520807737528,0.73940100967191,0.06359063096185837,,30,linear_q,8,8,8,4,16,3,1,0
163,30163,0.6152500000000001,14.27735914915098,24,0,8,0.1950273257755759,5.175815788738313,0.6469769735922891,0.14931367854710423,,30,linear_q,8,8,8,12,7,4,1,0
164,30164,0.6128750000000001,13.496912021975268,24,0,8,0.023459975840594893,4.558226473573771,0.5697783091967213,0.005159073550803503,,30,linear_q,8,8,8,13,6,1,2,2
165,30165,0.6105,15.59460534754325,24,0,8,0.34828677910647965,4.621743933916776,0.577717991739597,0.0667738323755708,,30,linear_q,8,8,8,6,12,4,0,2
166,30166,0.608125,15.155714735337732,24,0,8,0.09603737901988918,4.927674485363538,0.6159593106704423,0.07455255706297301,,30,linear_q,8,8,8,8,10,4,1,1
167,30167,0.60575,12.562863354864543,24,0,8,-0.06173180078050233,3.2173247620801386,0.40216559526001733,0.018417617678801127,,30,linear_q,8,8,8,6,12,5,1,0
168,30168,0.603375,13.277776742817144,24,0,8,0.17885799195979502,4.839220301546905,0.6049025376933631,0.0058156077701570375,,30,linear_q,8,8,8,9,11,0,2,2
169,30169,0.601,14.500317111881055,24,0,8,0.2578205083980776,3.133498020497328,0.391687252562166,0.1343328966173423,,30,linear_q,8,8,8,11,6,4,2,1
170,30170,0.598625,10.607783264379709,24,0,8,0.01438031391816752,2.884427740287283,0.3605534675359104,0.03224887911702758,,30,linear_q,8,8,8,10,6,6,1,1
171,30171,0.59625,14.646305177692271,24,0,8,0.03555550445781286,5.472961853097103,0.6841202316371379,0.006000762211688433,,30,linear_q,8,8,8,13,6,3,0,2
172,30172,0.593875,10.867273437153699,24,0,8,0.14443595141376786,4.529090014041686,0.5661362517552108,0.047817432063240635,,30,linear_q,8,8,8,9,13,2,0,0
173,30173,0.5915,10.684889917501142,24,0,8,0.21489342769684594,2.905156748287335,0.3631445935359169,0.04618064163851555,,30,linear_q,8,8,8,9,10,3,1,1
174,30174,0.589125,15.53615723447074,24,0,8,0.14934805158823927,4.364260928770518,0.5455326160963148,0.06107077531131073,,30,linear_q,8,8,8,5,11,4,1,3
175,30175,0.58675,14.188229658976871,24,0,8,0.2901882993629803,4.587594731959941,0.5734493414949926,0.04169024170911983,,30,linear_q,8,8,8,9,7,5,1,2
176,30176,0.5843750000000001,15.150147781692286,24,0,8,0.3420933579239751,3.8969774037208063,0.4871221754651008,0.03302973437296146,,30,linear_q,8,8,8,5,12,5,1,1
177,30177,0.5820000000000001,15.844873557771901,24,0,8,0.38025530199337076,4.917819039386091,0.6147273799232614,0.036915186555173216,,30,linear_q,8,8,8,7,10,5,2,0
178,30178,0.5796250000000001,11.493843828992716,24,0,8,0.47419256590695236,4.212573588957379,0.5265716986196723,0.12052596646474602,,30,linear_q,8,8,8,10,7,4,3,0
179,30179,0.57725,13.338021286262222,24,0,8,0.14708758667558275,4.121990396652091,0.5152487995815114,0.04428116196794955,,30,linear_q,8,8,8,8,12,4,0,0
180,30180,0.574875,13.0363528388838,24,0,8,0.19848216098300586,4.34009419664289,0.5425117745803613,0.018717453031892473,,30,linear_q,8,8,8,8,10,5,0,1
181,30181,0.5725,16.290461534902338,24,0,8,0.4355457039594315,4.91542389814876,0.614427987268595,0.13880022305724546,,30,linear_q,8,8,8,3,15,6,0,0
182,30182,0.570125,14.139836368078539,24,0,8,-0.016491387028009896,4.899344143859551,0.6124180179824439,0.11191744765179049,,30,linear_q,8,8,8,10,6,8,0,0
183,30183,0.56775,13.045702574027988,24,0,8,0.035095570270732956,4.077284970088509,0.5096606212610636,0.046545931960604456,,30,linear_q,8,8,8,15,4,5,0,0
184,30184,0.565375,15.538161517813089,24,0,8,0.10675252833220661,4.883080054847229,0.6103850068559036,0.07300466660526315,,30,linear_q,8,8,8,9,10,4,0,1
185,30185,0.563,12.651179249192108,24,0,8,0.5229015519607145,4.843342523373017,0.6054178154216271,0.15548193744210315,,30,linear_q,8,8,8,9,9,4,0,2
186,30186,0.5606249999999999,15.075992956029618,24,0,8,0.2430090174703765,4.107025439964001,0.5133781799955002,0.12963836280094165,,30,linear_q,8,8,8,10,8,4,0,2
187,30187,0.55825,13.568938034082567,24,0,8,0.23394794651798678,3.632405088611394,0.45405063607642426,0.16045187299184646,,30,linear_q,8,8,8,11,6,4,2,1
188,30188,0.555875,14.705682531256302,24,0,8,0.26865473636665005,4.499804656075912,0.562475582009489,0.12381808290707813,,30,linear_q,8,8,8,6,12,2,2,2
189,30189,0.5535000000000001,5.611941082390951,24,0,8,0.003380159521565229,2.7266641158621248,0.3408330144827656,0.005102772416426858,,30,linear_q,8,8,8,8,9,5,1,1
190,30190,0.5511250000000001,13.250567203297756,24,0,8,0.06231000122883401,4.402577715505893,0.5503222144382366,0.14069898662609975,,30,linear_q,8,8,8,7,12,4,0,1
191,30191,0.5487500000000001,12.331143296428193,24,0,8,0.225901969787198,3.8457784511940254,0.4807223063992532,0.05527689901302112,,30,linear_q,8,8,8,7,12,5,0,0
192,30192,0.546375,12.355583981888426,24,0,8,0.15639682113741404,2.866680642501606,0.3583350803127007,0.042062283396258414,,30,linear_q,8,8,8,11,6,5,0,2
193,30193,0.544,13.741078154458151,24,0,8,0.09583912926435101,3.9623857593637535,0.4952982199204692,0.04617006482395962,,30,linear_q,8,8,8,7,11,5,0,1
194,30194,0.541625,16.267428561464207,24,0,8,0.2580545581135745,5.935046034738182,0.7418807543422727,0.09761511159062157,,30,linear_q,8,8,8,8,9,5,0,2
195,30195,0.53925,12.484138074223551,24,0,8,0.3944709307296601,4.014462141173144,0.501807767646643,0.04356923786380041,,30,linear_q,8,8,8,14,3,4,2,1
196,30196,0.536875,14.068636393500205,24,0,8,0.04371032607934211,3.9486942157145792,0.4935867769643224,0.040178345898397826,,30,linear_q,8,8,8,9,9,5,0,1
197,30197,0.5345,12.988526265048801,24,0,8,0.44889133512238377,5.700056325288726,0.7125070406610907,0.06310646321630627,,30,linear_q,8,8,8,6,12,1,4,1
198,30198,0.532125,10.886357335045616,24,0,8,0.06639149234648745,3.7217961388369987,0.46522451735462483,0.07932708550911202,,30,linear_q,8,8,8,7,10,6,0,1
199,30199,0.5297499999999999,15.286395836443884,24,0,8,0.38656575881160515,3.9389067868723213,0.49236334835904016,0.013141287991513678,,30,linear_q,8,8,8,5,13,3,2,1
200,30200,0.527375,7.436028011386764,24,0,8,-0.02972287751460989,3.101726196537423,0.3877157745671779,0.042187419236439226,,30,linear_q,8,8,8,10,10,3,1,0
201,30201,0.525,7.584961885732596,24,0,8,0.04684665280529332,2.647227123362893,0.3309033904203616,0.047984816520206586,,30,linear_q,8,8,8,8,9,2,3,2
202,30202,0.5226250000000001,12.345612690962714,24,0,8,0.11832360870338876,4.168671117064122,0.5210838896330152,0.09558301876518725,,30,linear_q,8,8,8,7,9,4,3,1
203,30203,0.5202500000000001,14.678544562089781,24,0,8,0.030048242556483196,5.352268490910759,0.6690335613638448,0.05264926573471839,,30,linear_q,8,8,8,7,11,3,3,0
204,30204,0.5178750000000001,15.034215223951632,24,0,8,0.24905968387851285,4.276192786455764,0.5345240983069705,0.1181023232796319,,30,linear_q,8,8,8,9,10,3,2,0
205,30205,0.5155000000000001,12.173374947710128,24,0,8,0.00357828825305484,4.019499671908822,0.5024374589886027,0.04531973043439223,,30,linear_q,8,8,8,15,6,2,0,1
206,30206,0.513125,15.241672326432013,24,0,8,0.18121930699039268,4.712447327232466,0.5890559159040583,0.03583470069738783,,30,linear_q,8,8,8,10,10,3,1,0
207,30207,0.51075,14.995438225465886,24,0,8,0.2498480470906128,4.259595562413095,0.5324494453016368,0.08081272600836453,,30,linear_q,8,8,8,10,9,4,1,0
208,30208,0.508375,11.538684657075231,24,0,8,-0.02825347735452155,3.7431030995820023,0.4678878874477503,0.04466133526458653,,30,linear_q,8,8,8,10,9,4,0,1
209,30209,0.506,14.897309736398691,24,0,8,0.08245950378377742,4.576948296282842,0.5721185370353552,0.04971095854649493,,30,linear_q,8,8,8,9,7,7,0,1
210,30210,0.503625,12.075462811683154,24,0,8,0.20143730106650226,3.830079719652525,0.47875996495656564,0.01910755014571171,,30,linear_q,8,8,8,16,4,4,0,0
211,30211,0.50125,12.830285516020567,24,0,8,0.5729213801012252,4.176264486200136,0.522033060775017,0.2001044393772306,,30,linear_q,8,8,8,16,4,4,0,0
212,30212,0.49887500000000007,12.37672233020195,24,0,8,0.16223918898083278,3.7161431028763032,0.4645178878595379,0.050448926017250595,,30,linear_q,8,8,8,12,5,4,0,3
213,30213,0.49650000000000005,12.720679604340935,24,0,8,0.04247926306533323,3.9227305531458634,0.4903413191432329,0.01290653418397572,,30,linear_q,8,8,8,13,8,1,2,0
214,30214,0.49412500000000004,12.465353824304923,24,0,8,-0.12893524555803504,3.679115451115205,0.45988943138940064,0.24464078949472967,,30,linear_q,8,8,8,9,9,6,0,0
215,30215,0.49175,12.607365927338419,24,0,8,0.11814677182697464,3.4334989965826295,0.4291873745728287,0.03050189174402129,,30,linear_q,8,8,8,11,6,2,3,2
216,30216,0.489375,12.055270784106227,24,0,8,-0.02707825123900154,4.525571062805185,0.5656963828506482,0.01837414046116625,,30,linear_q,8,8,8,8,10,3,3,0
217,30217,0.487,12.741144075774193,24,0,8,0.18404234568924327,4.607308336496438,0.5759135420620547,0.03736031442560729,,30,linear_q,8,8,8,13,4,3,3,1
218,30218,0.4846250000000001,16.2846260171492,24,0,8,0.3549880514842787,5.560658741994366,0.6950823427492957,0.012432662269297243,,30,linear_q,8,8,8,3,16,5,0,0
219,30219,0.48224999999999996,12.399025335169277,24,0,8,0.176954462461004,4.063008264431019,0.5078760330538774,0.11006607235032856,,30,linear_q,8,8,8,7,12,3,1,1
220,30220,0.47987500000000005,13.937288360734367,24,0,8,0.23957071448578082,2.7191693318135544,0.3398961664766943,0.025218380600420663,,30,linear_q,8,8,8,15,2,5,1,1
221,30221,0.47750000000000004,13.019785175353494,24,0,8,-0.030153975215371887,5.255421060218594,0.6569276325273242,0.05045232866911198,,30,linear_q,8,8,8,17,4,3,0,0
222,30222,0.475125,8.594694038278034,24,0,8,0.05981030276228916,2.4102930830919944,0.3012866353864993,0.021467878142766978,,30,linear_q,8,8,8,9,9,5,0,1
223,30223,0.47275,10.829218568953227,24,0,8,0.03308100870214403,3.496247148336077,0.43703089354200964,0.04992168557975195,,30,linear_q,8,8,8,7,10,2,3,2
224,30224,0.470375,14.770560056393748,24,0,8,0.19943439756862436,3.4868255280527087,0.4358531910065886,0.08285189861466719,,30,linear_q,8,8,8,11,9,3,0,1
225,30225,0.46799999999999997,10.730955148371478,24,0,8,0.10555816894221515,2.4688980405375975,0.3086122550671997,0.12222805421621899,,30,linear_q,8,8,8,11,6,3,3,1
226,30226,0.46562500000000007,13.957602067899606,24,0,8,0.24465020508798574,4.937165573769414,0.6171456967211767,0.011939454772845621,,30,linear_q,8,8,8,14,3,3,2,2
227,30227,0.46325000000000005,14.105075709595496,24,0,8,0.31395923782531776,4.428383895346176,0.553547986918272,0.09583759997212228,,30,linear_q,8,8,8,8,12,3,0,1
228,30228,0.46087500000000003,8.704106282512376,24,0,8,-0.033666175149940525,2.737499275527329,0.34218740944091613,7.008415191075191e-05,,30,linear_q,8,8,8,10,7,5,2,0
229,30229,0.4585,11.728538346100416,24,0,8,0.03505567708930535,2.9069590123978144,0.3633698765497268,0.01152625737170929,,30,linear_q,8,8,8,3,15,4,1,1
230,30230,0.456125,12.99812761814567,24,0,8,0.1488581146086898,2.915647886374473,0.3644559857968091,0.015200670567556166,,30,linear_q,8,8,8,12,6,6,0,0
231,30231,0.4537500000000001,13.109216876648203,24,0,8,0.17559088880052753,4.192137092424289,0.5240171365530362,0.0579933242036508,,30,linear_q,8,8,8,10,8,5,0,1
232,30232,0.45137499999999997,15.667526384360809,24,0,8,0.13172082523369166,4.544682456183805,0.5680853070229757,0.03533921509811142,,30,linear_q,8,8,8,9,7,7,1,0
233,30233,0.44900000000000007,15.902263215189132,24,0,8,0.3306856602277186,4.3068993496108074,0.5383624187013509,0.10231776908855712,,30,linear_q,8,8,8,9,8,7,0,0
234,30234,0.44662500000000005,6.735563553759652,24,0,8,-0.0018080717098967192,3.027223366551492,0.3784029208189365,0.017484763174265637,,30,linear_q,8,8,8,13,6,4,1,0
235,30235,0.44425000000000003,14.444102581735295,24,0,8,0.06694566115319045,4.3085059856290595,0.5385632482036324,0.001312968627219986,,30,linear_q,8,8,8,13,5,1,2,3
236,30236,0.441875,14.947665696760476,24,0,8,0.36700709420826616,5.069160671768765,0.6336450839710956,0.032390768542304015,,30,linear_q,8,8,8,13,4,4,2,1
237,30237,0.4395,14.658981869985961,24,0,8,0.12591563438505027,3.6106167500140516,0.45132709375175645,0.009318918529072767,,30,linear_q,8,8,8,14,5,2,3,0
238,30238,0.437125,15.207493135132847,24,0,8,0.244709343384661,3.4508678828308295,0.4313584853538537,0.04821315191597531,,30,linear_q,8,8,8,12,4,5,0,3
239,30239,0.4347500000000001,13.175679234857514,24,0,8,0.02708278819842258,3.489120126754114,0.43614001584426426,0.02623292334083998,,30,linear_q,8,8,8,11,6,6,0,1
240,30240,0.43237499999999995,8.431065331549092,24,0,8,0.13510605204923865,2.703125770858804,0.3378907213573505,0.03275274174762999,,30,linear_q,8,8,8,12,4,4,1,3
241,30241,0.43000000000000005,12.339949525534086,24,0,8,0.30000516399026367,4.5859306821135,0.5732413352641875,0.23161961822214927,,30,linear_q,8,8,8,4,14,4,1,1
242,30242,0.42762500000000003,13.968320238341299,24,0,8,0.03370158052129657,2.8696837401782953,0.3587104675222869,0.00042294584988759176,,30,linear_q,8,8,8,4,14,3,2,1
243,30243,0.42525,16.223211987113448,24,0,8,0.40807720487138965,5.446093002858019,0.6807616253572524,0.08065976977272063,,30,linear_q,8,8,8,5,13,4,1,1
244,30244,0.422875,15.76903836720441,24,0,8,0.3286865783968116,4.894362521131807,0.6117953151414759,0.055991674343256456,,30,linear_q,8,8,8,4,15,5,0,0
245,30245,0.4205,13.736967724654832,24,0,8,0.21903475078543977,4.124241883025319,0.5155302353781649,0.0734436673990618,,30,linear_q,8,8,8,2,16,3,2,1
246,30246,0.41812499999999997,12.439017192552416,24,0,8,0.12932285446609182,4.589994422855582,0.5737493028569477,0.0990980959054015,,30,linear_q,8,8,8,2,16,6,0,0
247,30247,0.41575000000000006,12.366303881747438,24,0,8,0.29739342630177124,4.30842212379007,0.5385527654737587,0.09557898689601049,,30,linear_q,8,8,8,2,16,3,2,1
248,30248,0.41337499999999994,10.376662255769498,24,0,8,-0.14812066482032593,3.7642048231555147,0.47052560289443934,0.04433004184718673,,30,linear_q,8,8,8,5,13,3,0,3
249,30249,0.41100000000000003,11.694451439429182,24,0,8,0.3177557815143044,4.137416111731467,0.5171770139664333,0.06406794945273123,,30,linear_q,8,8,8,2,19,1,1,1
250,30250,0.408625,14.53442572774167,24,0,8,0.2485412820881554,4.308146029772301,0.5385182537215376,0.11493148030683367,,30,linear_q,8,8,8,1,17,5,0,1
251,30251,0.40625,13.08248133158512,24,0,8,0.22230689354034716,3.986484813611108,0.4983106017013885,0.11621051948840279,,30,linear_q,8,8,8,6,11,5,0,2
252,30252,0.4038750000000001,9.767816611276135,24,0,8,0.047487757467691516,2.9555317131129657,0.3694414641391207,0.04760962571934156,,30,linear_q,8,8,8,10,9,4,0,1
253,30253,0.4015000000000001,7.658218905828125,24,0,8,0.0,2.80042694805072,0.35005336850634,0.0,,30,linear_q,8,8,8,14,5,3,2,0
254,30254,0.39912500000000006,11.837316452897232,24,0,8,0.25324742992853366,3.241320318892872,0.405165039861609,0.1542861301235193,,30,linear_q,8,8,8,13,4,3,1,3
255,30255,0.39675000000000005,13.305127399897529,24,0,8,0.010273893550244217,3.809633335092424,0.476204166886553,2.16929007698669e-31,,30,linear_q,8,8,8,14,4,4,2,0
256,30256,0.39437500000000003,7.927619662803676,24,0,8,-0.05575993091836828,2.6646282392825777,0.3330785299103222,0.00502651605697838,,30,linear_q,8,8,8,14,3,5,0,2
257,30257,0.392,13.363725886372734,24,0,8,0.37144749341217187,4.157162507518153,0.5196453134397692,0.06393068544204988,,30,linear_q,8,8,8,12,6,3,1,2
258,30258,0.3896250000000001,13.843860490577075,24,0,8,0.2142627358039566,3.250751796272794,0.40634397453409926,0.03969235108997934,,30,linear_q,8,8,8,8,9,5,1,1
259,30259,0.38725,15.985441559585478,24,0,8,0.21971954724187004,5.489067896998282,0.6861334871247853,0.2428413871411631,,30,linear_q,8,8,8,8,9,5,2,0
260,30260,0.3848750000000001,15.315638173604324,24,0,8,0.15092498886684647,3.4678147580803667,0.43347684476004583,0.10746607262165336,,30,linear_q,8,8,8,11,7,5,1,0
261,30261,0.38250000000000006,6.548681195337447,24,0,8,-0.09950534937633426,3.180363269073731,0.3975454086342164,0.013061601027320633,,30,linear_q,8,8,8,13,4,4,2,1
262,30262,0.38012500000000005,6.028298626512804,24,0,8,0.06743445584591745,2.6643664605768924,0.33304580757211155,7.935478349386671e-31,,30,linear_q,8,8,8,12,7,2,3,0
263,30263,0.37775000000000003,9.42084206334502,24,0,8,0.0,2.728838772116658,0.3411048465145822,0.0,,30,linear_q,8,8,8,11,5,1,3,4
264,30264,0.375375,16.0041849831381,24,0,8,0.5442439973211757,5.019151524437706,0.6273939405547132,0.05224296505491414,,30,linear_q,8,8,8,11,7,4,2,0
265,30265,0.373,15.516021628891595,24,0,8,0.12741536322443991,4.233878863121874,0.5292348578902343,0.09091891319964504,,30,linear_q,8,8,8,6,10,7,0,1
266,30266,0.3706250000000001,10.863846184002998,24,0,8,-0.02313926670760935,5.154406190697531,0.6443007738371914,0.09389235405493354,,30,linear_q,8,8,8,9,10,5,0,0
267,30267,0.36824999999999997,12.043716562380261,24,0,8,0.5401802970696101,3.8765889547040553,0.4845736193380069,0.10325573538825701,,30,linear_q,8,8,8,10,8,4,2,0
268,30268,0.36587500000000006,15.300331863562105,24,0,8,0.14017399871164082,4.19712134175052,0.524640167718815,0.08752831243464344,,30,linear_q,8,8,8,14,4,6,0,0
269,30269,0.36350000000000005,15.202215408289561,24,0,8,0.682361281974373,3.818985614043442,0.47737320175543024,0.08812370632781587,,30,linear_q,8,8,8,11,5,8,0,0
270,30270,0.36112500000000003,9.606942284261748,24,0,8,-0.05010512454326976,2.293097276800169,0.2866371596000211,0.015113833940511882,,30,linear_q,8,8,8,12,7,5,0,0
271,30271,0.35875,14.266871133472256,24,0,8,0.10807756373944599,4.083261182848265,0.5104076478560331,0.0060641882949312624,,30,linear_q,8,8,8,8,8,6,2,0
272,30272,0.356375,12.173155738846177,24,0,8,0.14502738061154385,3.4921846560759033,0.4365230820094879,0.10069056556331213,,30,linear_q,8,8,8,9,7,5,2,1
273,30273,0.354,13.1505154600074,24,0,8,-0.07740939662318347,4.356401174553687,0.5445501468192109,0.06723953741484776,,30,linear_q,8,8,8,9,8,5,1,1
274,30274,0.3516250000000001,13.703236476787573,24,0,8,-0.010319024338404148,5.801848434930172,0.7252310543662716,0.15079622950676128,,30,linear_q,8,8,8,11,6,5,2,0
275,30275,0.34924999999999995,12.225157852560185,24,0,8,-0.14294455975151488,3.025618745872816,0.378202343234102,0.04843555163641002,,30,linear_q,8,8,8,11,5,6,0,2
276,30276,0.34687500000000004,14.855084936945113,24,0,8,0.044616585379992024,5.594615360482912,0.699326920060364,0.054474715625058324,,30,linear_q,8,8,8,12,5,4,3,0
277,30277,0.34450000000000003,8.340794397588539,24,0,8,-0.08512419125725357,3.181882206528415,0.3977352758160519,0.014307920837914332,,30,linear_q,8,8,8,13,5,4,2,0
278,30278,0.342125,9.957303307556433,24,0,8,0.11358184286491246,3.0860932850941,0.3857616606367625,0.04438261257743499,,30,linear_q,8,8,8,4,13,5,1,1
279,30279,0.3397500000000001,14.98925121397989,24,0,8,0.16634334723601008,4.7527099257487215,0.5940887407185902,0.06719251881583954,,30,linear_q,8,8,8,7,12,3,2,0
280,30280,0.337375,12.345773922372137,24,0,8,0.06457523268017029,3.2188662375586494,0.4023582796948312,0.05926692581841409,,30,linear_q,8,8,8,2,15,7,0,0
281,30281,0.3350000000000001,13.627616954603932,24,0,8,0.01752537460941106,4.029855731626957,0.5037319664533696,0.17332579548259752,,30,linear_q,8,8,8,12,5,5,0,2
282,30282,0.33262500000000006,12.089712793862638,24,0,8,0.0771267866558496,2.9307872733950484,0.36634840917438105,0.033544729210023556,,30,linear_q,8,8,8,10,6,6,0,2
283,30283,0.33025000000000004,14.489466576446041,24,0,8,0.10548882685356986,5.399710259984264,0.674963782498033,0.05888699652114452,,30,linear_q,8,8,8,6,13,3,1,1
284,30284,0.327875,12.9340947528629,24,0,8,0.3846213383106942,3.343343580654962,0.41791794758187023,0.05604410633604326,,30,linear_q,8,8,8,11,5,5,2,1
285,30285,0.3255,14.65386479689449,24,0,8,0.12657807443896596,3.99277223546058,0.4990965294325725,0.07999601778269023,,30,linear_q,8,8,8,5,12,5,1,1
286,30286,0.323125,11.40812946644458,24,0,8,0.39141511606576085,4.165769159390526,0.5207211449238157,0.06535089204869315,,30,linear_q,8,8,8,4,13,5,2,0
287,30287,0.3207500000000001,13.534367994716831,24,0,8,0.3141135950452991,2.8611909470973886,0.3576488683871736,0.02821142660613643,,30,linear_q,8,8,8,10,7,6,1,0
288,30288,0.31837499999999996,15.593740674227714,24,0,8,0.17967681564257543,4.2184303932700935,0.5273037991587617,0.05688058383147139,,30,linear_q,8,8,8,9,8,6,0,1
289,30289,0.31600000000000006,10.798966244816619,24,0,8,-0.024547172979299425,4.187631310460749,0.5234539138075937,0.008365677384470577,,30,linear_q,8,8,8,14,3,6,0,1
290,30290,0.31362500000000004,14.972744724286612,24,0,8,0.4786361831634798,3.633246426053728,0.454155803256716,0.028158857889098325,,30,linear_q,8,8,8,10,7,4,2,1
291,30291,0.31125,12.297308385161324,24,0,8,0.15931646105890263,3.8823002743925232,0.4852875342990654,0.08309905374670802,,30,linear_q,8,8,8,9,7,5,1,2
292,30292,0.308875,12.537271563606176,24,0,8,0.11199791008283677,3.171786561336395,0.3964733201670494,0.013394028765194875,,30,linear_q,8,8,8,5,14,5,0,0
293,30293,0.3065,14.644478507748897,24,0,8,0.2465130893855596,3.628908343939628,0.4536135429924535,0.0538000405736567,,30,linear_q,8,8,8,6,12,5,1,0
294,30294,0.304125,14.697016876860921,24,0,8,0.15584880327276984,4.149552806311128,0.518694100788891,0.02641150174293837,,30,linear_q,8,8,8,12,6,6,0,0
295,30295,0.3017500000000001,14.957039507360255,24,0,8,0.32122035251343384,3.978628001957549,0.4973285002446936,0.05030699081197224,,30,linear_q,8,8,8,9,7,7,1,0
296,30296,0.29937499999999995,15.715783913247956,24,0,8,0.20888024870192012,4.431227876750936,0.553903484593867,0.16891223258251906,,30,linear_q,8,8,8,9,7,5,2,1
297,30297,0.29700000000000004,10.077767509337603,24,0,8,-0.14725794784613822,3.1743381651263816,0.3967922706407977,0.05103075836153158,,30,linear_q,8,8,8,15,3,5,1,0
298,30298,0.294625,13.982604954397212,24,0,8,0.4340099885413524,5.53502680342922,0.6918783504286525,0.21967945921534252,,30,linear_q,8,8,8,3,13,6,1,1
299,30299,0.29225,11.14401697460046,24,0,8,0.22764024345542566,2.639746821457347,0.3299683526821684,0.08140171366772193,,30,linear_q,8,8,8,2,14,6,0,2
300,30300,0.289875,11.219778907221823,24,0,8,0.049128562900653705,4.0389124414956585,0.5048640551869573,0.11796786216308512,,30,linear_q,8,8,8,3,14,5,1,1
301,30301,0.2875000000000001,13.858506689773964,24,0,8,0.19611063948749186,3.8466176086569357,0.48082720108211696,0.051855577856602816,,30,linear_q,8,8,8,2,15,6,0,1
302,30302,0.2851250000000001,14.451360917915805,24,0,8,0.0785943979434971,4.081644260343406,0.5102055325429258,0.038743336121078276,,30,linear_q,8,8,8,5,12,5,1,1
303,30303,0.28275000000000006,15.006181952674781,24,0,8,0.057475821155891005,5.289301770161732,0.6611627212702165,0.10859674329824398,,30,linear_q,8,8,8,0,16,7,1,0
304,30304,0.28037500000000004,12.307208636722645,24,0,8,0.2653676867875374,3.3582730914299934,0.4197841364287492,0.04509120403323076,,30,linear_q,8,8,8,2,14,3,4,1
305,30305,0.278,12.552449407158091,24,0,8,0.39986181374674246,4.767979473187624,0.595997434148453,0.18145386624328078,,30,linear_q,8,8,8,5,14,3,0,2
306,30306,0.2756250000000001,15.932529788090314,24,0,8,0.22214400054663042,5.59656233973614,0.6995702924670175,0.07955581720978676,,30,linear_q,8,8,8,2,14,7,0,1
307,30307,0.27325,9.949396609956977,24,0,8,0.12327779215563606,3.2376143837604183,0.4047017979700523,0.018823259639907254,,30,linear_q,8,8,8,5,13,5,1,0
308,30308,0.2708750000000001,14.089244942416949,24,0,8,0.5286873237413396,4.5529546712763675,0.5691193339095459,0.12497377803026449,,30,linear_q,8,8,8,5,13,6,0,0
309,30309,0.26850000000000007,11.236511353089808,24,0,8,0.006499875848566372,3.883529520155013,0.48544119001937663,0.1327080697413751,,30,linear_q,8,8,8,3,13,6,0,2
310,30310,0.26612500000000006,8.161512625446985,24,0,8,-0.00293978433081854,2.2937134848011635,0.28671418560014544,0.08649956641669174,,30,linear_q,8,8,8,1,19,3,1,0
311,30311,0.26375000000000004,9.775548328166854,24,0,8,0.3177510878721619,3.5135328652769755,0.43919160815962194,0.044631801483897754,,30,linear_q,8,8,8,4,14,4,2,0
312,30312,0.261375,11.96670884933803,24,0,8,0.11425869912620668,2.785311113566903,0.3481638891958629,0.05840967210014957,,30,linear_q,8,8,8,13,6,4,1,0
313,30313,0.259,15.254638772348349,24,0,8,0.4285604506462466,5.036480209845475,0.6295600262306844,0.09093225860177524,,30,linear_q,8,8,8,10,10,4,0,0
314,30314,0.2566250000000001,8.170179334568914,24,0,8,0.026053313733164885,2.8723337859275735,0.3590417232409467,0.004719776514432276,,30,linear_q,8,8,8,12,7,4,0,1
315,30315,0.25425,12.090330036242179,24,0,8,0.1655259922959873,3.706555915404196,0.4633194894255245,0.045632841805005334,,30,linear_q,8,8,8,11,7,4,1,1
316,30316,0.25187500000000007,8.233704384423481,24,0,8,0.03583684112178931,3.385335656742662,0.42316695709283275,0.010254015875161478,,30,linear_q,8,8,8,4,14,5,0,1
317,30317,0.24950000000000006,11.895302555449781,24,0,8,0.1023660197935472,3.28273005803034,0.4103412572537925,0.03481807561910221,,30,linear_q,8,8,8,3,14,4,3,0
318,30318,0.24712500000000004,16.210314279504907,24,0,8,0.3342298640285737,4.874816026605237,0.6093520033256546,0.13157852787755764,,30,linear_q,8,8,8,6,11,5,2,0
319,30319,0.24475000000000002,14.572778496434108,24,0,8,0.21087356361569487,5.230689901398624,0.653836237674828,0.04598021100090956,,30,linear_q,8,8,8,10,6,6,0,2
320,30320,0.242375,15.571228718062756,24,0,8,0.16208210708018234,4.05444651792002,0.5068058147400025,0.12746289851810746,,30,linear_q,8,8,8,10,6,7,0,1
321,30321,0.24,15.470654067640824,24,0,8,0.261286034059812,4.799973115204977,0.5999966394006221,0.06131007019592487,,30,linear_q,8,8,8,8,12,4,0,0
322,30322,0.2376250000000001,15.659806827533062,24,0,8,0.3197964156525197,3.5645999393396997,0.44557499241746246,0.05743177050408561,,30,linear_q,8,8,8,1,16,5,0,2
323,30323,0.23524999999999996,14.868296281827154,24,0,8,0.09947018363734994,5.090868221073171,0.6363585276341464,0.047859494960824,,30,linear_q,8,8,8,2,17,5,0,0
324,30324,0.23287500000000005,12.219483173584138,24,0,8,0.09069128418792127,3.3740679191396827,0.42175848989246034,0.00727094873254126,,30,linear_q,8,8,8,2,17,5,0,0
325,30325,0.23050000000000004,15.789860565469178,24,0,8,0.42729512930472335,4.7238250423207395,0.5904781302900924,0.18531573040714283,,30,linear_q,8,8,8,1,18,5,0,0
326,30326,0.22812500000000002,14.039862909212417,24,0,8,0.37917399529212226,3.6105668732118947,0.45132085915148684,0.04297278674627248,,30,linear_q,8,8,8,4,14,6,0,0
327,30327,0.22575000000000012,12.933995345981177,24,0,8,0.10670480578058417,5.012823557927365,0.6266029447409206,0.023405166215174966,,30,linear_q,8,8,8,5,12,7,0,0
328,30328,0.223375,14.432287706931382,24,0,8,0.037301875898867465,4.467010866787591,0.5583763583484489,0.06165764479089244,,30,linear_q,8,8,8,9,8,7,0,0
329,30329,0.22100000000000009,14.842091245255894,24,0,8,0.21669057327274377,3.826747612004206,0.47834345150052576,0.03755388059434066,,30,linear_q,8,8,8,10,7,6,1,0
330,30330,0.21862500000000007,10.91648762170626,24,0,8,0.14728714847156255,3.634043295394148,0.4542554119242685,0.0015905745126413167,,30,linear_q,8,8,8,13,8,3,0,0
331,30331,0.21625000000000005,11.123609198611026,24,0,8,-0.005530674094348598,4.403269030775342,0.5504086288469178,0.08869191161776614,,30,linear_q,8,8,8,10,8,4,2,0
332,30332,0.21387500000000004,13.22145689936824,24,0,8,0.034443183455934445,3.514684837729603,0.43933560471620037,0.12290209232883462,,30,linear_q,8,8,8,11,8,4,1,0
333,30333,0.21150000000000002,14.9627937200056,24,0,8,0.1368125657255863,4.272995912846581,0.5341244891058227,0.0671041040194421,,30,linear_q,8,8,8,8,10,6,0,0
334,30334,0.209125,11.925834955170492,24,0,8,-0.2208408996077864,3.373591529295804,0.4216989411619755,0.03877903311634301,,30,linear_q,8,8,8,11,6,7,0,0
335,30335,0.2067500000000001,13.789136117237335,24,0,8,0.03785793383352232,3.4026766666664794,0.4253345833333099,0.012339185277601191,,30,linear_q,8,8,8,11,6,6,0,1
336,30336,0.20437499999999997,16.15155718029904,24,0,8,0.25590771647053945,6.511162674297122,0.8138953342871402,0.038798755571840655,,30,linear_q,8,8,8,11,6,6,0,1
337,30337,0.20200000000000007,15.308842697267732,24,0,8,0.23185934649793927,3.5251376137444255,0.4406422017180532,0.03998091445157368,,30,linear_q,8,8,8,10,6,8,0,0
338,30338,0.19962500000000005,14.914034406828002,24,0,8,0.06318131263586935,3.8575915946490063,0.4821989493311258,0.08399410148825863,,30,linear_q,8,8,8,9,8,7,0,0
339,30339,0.19725000000000004,10.507882466159405,24,0,8,-0.16209376830224054,4.116393261259191,0.5145491576573988,0.01874642566202018,,30,linear_q,8,8,8,15,2,6,1,0
340,30340,0.19487500000000002,12.800313338116993,24,0,8,0.05393123417683876,3.7910088895541465,0.4738761111942683,0.00020596053846778952,,30,linear_q,8,8,8,13,6,4,1,0
341,30341,0.1925,7.410143434277721,24,0,8,-0.09756787790776045,3.471772068755905,0.43397150859448813,0.03942873562265828,,30,linear_q,8,8,8,14,3,5,1,1
342,30342,0.190125,15.247576543930338,24,0,8,0.2015521582008457,5.520951755332364,0.6901189694165455,0.04090082366353288,,30,linear_q,8,8,8,13,4,7,0,0
343,30343,0.18775000000000008,15.169309051310078,24,0,8,0.34567984449485545,3.612376076440312,0.451547009555039,0.025521012975752825,,30,linear_q,8,8,8,13,3,6,1,1
344,30344,0.18537499999999996,13.647899564931016,24,0,8,0.1452466019301779,3.888245905025897,0.4860307381282371,0.05417817351140123,,30,linear_q,8,8,8,12,5,7,0,0
345,30345,0.18300000000000005,11.321630243724664,24,0,8,0.04423730337247811,4.587732789547916,0.5734665986934895,0.016355096581938,,30,linear_q,8,8,8,13,5,6,0,0
346,30346,0.18062500000000004,14.434866806315695,24,0,8,0.06468960099996623,3.939430347865679,0.4924287934832099,0.0041730571958025495,,30,linear_q,8,8,8,12,4,7,1,0
347,30347,0.17825000000000002,15.515501252642446,24,0,8,0.3560317562671962,4.479801776753092,0.5599752220941365,0.10483260020416277,,30,linear_q,8,8,8,12,4,8,0,0
348,30348,0.175875,11.359915215899228,24,0,8,0.12059751920150985,3.3395003182585032,0.4174375397823129,0.01012155542343029,,30,linear_q,8,8,8,11,6,6,0,1
349,30349,0.1735,14.985361486052636,24,0,8,0.12356651824202913,4.512892064224316,0.5641115080280396,0.08700602075568052,,30,linear_q,8,8,8,15,1,8,0,0
350,30350,0.17112499999999997,12.022239852110054,24,0,8,0.1762067305282513,3.514924588152502,0.43936557351906275,0.0006532527246648081,,30,linear_q,8,8,8,13,4,6,0,1
351,30351,0.16875000000000007,13.572688055103665,24,0,8,0.030390868911892355,4.329611509360212,0.5412014386700265,0.010732317645711614,,30,linear_q,8,8,8,11,5,8,0,0
352,30352,0.16637500000000005,9.124461697119365,24,0,8,0.03983094866639725,2.532428402406147,0.31655355030076837,0.008671544024335096,,30,linear_q,8,8,8,17,3,4,0,0
353,30353,0.16400000000000003,15.184828671376478,24,0,8,0.08893175597015102,3.9957844084052416,0.4994730510506552,0.06739849682699234,,30,linear_q,8,8,8,10,7,7,0,0
354,30354,0.16162500000000013,15.023087481814011,24,0,8,0.1653986815867321,3.9301014714593574,0.4912626839324197,0.00564680750429226,,30,linear_q,8,8,8,9,8,6,1,0
355,30355,0.15925,15.406224347745665,24,0,8,0.16914342244641967,3.607325327435874,0.45091566592948423,0.028617505742772227,,30,linear_q,8,8,8,9,8,7,0,0
356,30356,0.1568750000000001,12.375546194858297,24,0,8,-0.10224926390215394,4.655665636705919,0.5819582045882399,0.04303946101623133,,30,linear_q,8,8,8,10,6,7,1,0
357,30357,0.15450000000000008,8.225131997816629,24,0,8,0.00842406514336469,2.918815932150242,0.3648519915187802,0.0010931440284536987,,30,linear_q,8,8,8,8,10,3,0,3
358,30358,0.15212500000000007,9.572464108779615,24,0,8,-0.007384383022697172,2.217167721676125,0.2771459652095156,0.0029573373681977748,,30,linear_q,8,8,8,12,4,8,0,0
359,30359,0.14975000000000005,12.83473087356528,24,0,8,0.1261340334422174,4.210989472669113,0.5263736840836392,0.10917653688554534,,30,linear_q,8,8,8,10,8,6,0,0
360,30360,0.14737500000000003,16.086335543024937,24,0,8,0.22971672761581985,4.774437541636198,0.5968046927045247,0.0798797940106614,,30,linear_q,8,8,8,9,8,4,0,3
361,30361,0.14500000000000002,14.078817068835153,24,0,8,0.01899029755021786,4.219808501875994,0.5274760627344992,0.0024277825419613966,,30,linear_q,8,8,8,9,7,6,0,2
362,30362,0.1426250000000001,14.10135396365688,24,0,8,0.32757643954484106,4.677734443292228,0.5847168054115285,0.027882186774735616,,30,linear_q,8,8,8,10,6,6,0,2
363,30363,0.14024999999999999,14.640401677750916,24,0,8,0.03125908592503013,4.2875336077939545,0.5359417009742443,0.08835445783533012,,30,linear_q,8,8,8,9,7,7,0,1
364,30364,0.13787500000000008,15.22827059129744,24,0,8,0.1939030345210515,4.3986538062864255,0.5498317257858032,0.03513138837385515,,30,linear_q,8,8,8,8,8,8,0,0
365,30365,0.13550000000000006,14.473200845855306,24,0,8,0.2633468391264411,3.572225894611068,0.4465282368263835,0.02656246257705877,,30,linear_q,8,8,8,10,7,7,0,0
366,30366,0.13312500000000005,9.68470215992684,24,0,8,-0.02867985927405181,3.9489370301289735,0.4936171287661217,0.022768191346672975,,30,linear_q,8,8,8,9,8,6,1,0
367,30367,0.13075000000000003,16.201431794952292,24,0,8,0.2410107218867017,5.689877799235898,0.7112347249044872,0.08868783006779084,,30,linear_q,8,8,8,4,12,8,0,0
368,30368,0.12837500000000002,12.640178270492411,24,0,8,0.04927052476398819,3.7714901790639,0.4714362723829875,0.04319157933069056,,30,linear_q,8,8,8,6,10,8,0,0
369,30369,0.126,14.681707057015899,24,0,8,0.24555294587325793,4.873601341338567,0.6092001676673209,0.014082736468710205,,30,linear_q,8,8,8,8,9,7,0,0
370,30370,0.1236250000000001,14.435995824880623,24,0,8,0.3087090729718125,3.999525541885495,0.49994069273568686,0.013588457855062361,,30,linear_q,8,8,8,12,6,6,0,0
371,30371,0.12124999999999997,10.752346512963967,24,0,8,-0.00968917153447002,3.0169560673771723,0.37711950842214653,0.019857581949318484,,30,linear_q,8,8,8,9,8,7,0,0
372,30372,0.11887500000000006,14.913221292477452,24,0,8,0.12289129090858308,3.767348050793518,0.47091850634918975,0.024209415116500117,,30,linear_q,8,8,8,13,5,6,0,0
373,30373,0.11650000000000005,11.695062317123694,24,0,8,0.21916875375675993,3.2032327207555644,0.40040409009444555,0.06598807996815373,,30,linear_q,8,8,8,16,3,5,0,0
374,30374,0.11412500000000003,13.863839531425649,24,0,8,-0.02251871305275177,4.225679170730289,0.5282098963412861,0.04016817072095181,,30,linear_q,8,8,8,10,6,8,0,0
375,30375,0.11175000000000002,14.647078405604525,24,0,8,0.056591688531710815,4.789194762767898,0.5986493453459872,0.04493500920360534,,30,linear_q,8,8,8,11,6,6,1,0
376,30376,0.109375,14.779366889008209,24,0,8,0.18053502939177912,3.626821926314106,0.45335274078926324,0.012834033989543246,,30,linear_q,8,8,8,10,6,6,1,1
377,30377,0.1070000000000001,11.576630310368044,24,0,8,0.21319900502225808,3.4050689805565426,0.4256336225695678,0.2733759363128955,,30,linear_q,8,8,8,11,7,6,0,0
378,30378,0.10462500000000008,15.331764801498558,24,0,8,0.18845302783332762,4.08845369877398,0.5110567123467475,0.008860697637519234,,30,linear_q,8,8,8,11,7,6,0,0
379,30379,0.10225000000000006,13.878274634772069,24,0,8,0.16587609336982023,4.441817365010261,0.5552271706262826,0.06724205824971662,,30,linear_q,8,8,8,11,6,7,0,0
380,30380,0.09987500000000005,15.494581226981554,24,0,8,0.1235568046639619,4.522878905551173,0.5653598631938966,0.010531098552573571,,30,linear_q,8,8,8,11,5,8,0,0
381,30381,0.09750000000000003,13.75766408770162,24,0,8,0.08597137452600334,3.632528796115126,0.45406609951439075,0.07410716053104625,,30,linear_q,8,8,8,13,4,7,0,0
382,30382,0.09512500000000002,12.979042619425245,24,0,8,-0.07363305398060627,3.9073811861167367,0.4884226482645921,0.0289955289958337,,30,linear_q,8,8,8,11,7,5,0,1
383,30383,0.09275000000000011,16.065635508266354,24,0,8,0.47995850681740393,5.160904796615628,0.6451130995769535,0.11310682472036035,,30,linear_q,8,8,8,6,11,7,0,0
384,30384,0.09037499999999998,9.885841085848215,24,0,8,-0.010629178419806262,3.2846523430305252,0.41058154287881565,0.02466736855286162,,30,linear_q,8,8,8,7,10,6,0,1
385,30385,0.08800000000000008,14.988425641415137,24,0,8,0.1499599444953379,4.07324278392022,0.5091553479900275,0.03939553492152767,,30,linear_q,8,8,8,9,7,8,0,0
386,30386,0.08562500000000006,10.099563256811722,24,0,8,0.13398469359926235,3.338871983725129,0.41735899796564113,0.04766683323176522,,30,linear_q,8,8,8,9,7,6,0,2
387,30387,0.08325000000000005,14.499543913665509,24,0,8,0.2690005284656536,4.341513704613972,0.5426892130767464,0.03117880194984533,,30,linear_q,8,8,8,8,8,5,1,2
388,30388,0.08087500000000003,15.700690626376188,24,0,8,0.6657736302878172,4.453275787702026,0.5566594734627532,0.2970156453678954,,30,linear_q,8,8,8,7,9,8,0,0
389,30389,0.07850000000000001,12.335927296942332,24,0,8,0.006263562579486681,4.5345784248673375,0.5668223031084172,0.006575298769985639,,30,linear_q,8,8,8,9,7,7,0,1
390,30390,0.076125,11.489755907198871,24,0,8,0.10835099869020359,3.630183672923482,0.45377295911543525,0.0873670316774033,,30,linear_q,8,8,8,9,7,8,0,0
391,30391,0.0737500000000001,9.698822586798839,24,0,8,-0.1226510994306782,4.29818857421837,0.5372735717772963,0.09368383407978151,,30,linear_q,8,8,8,9,8,5,1,1
392,30392,0.07137499999999997,10.454167840268385,24,0,8,0.09672964300809239,3.0932292554358667,0.38665365692948334,0.0759781102273753,,30,linear_q,8,8,8,8,8,3,0,5
393,30393,0.06900000000000006,12.070456923578652,24,0,8,-0.027348038285162968,3.764660784434077,0.4705825980542596,0.18476590113104407,,30,linear_q,8,8,8,10,6,5,0,3
394,30394,0.06662500000000005,11.422531793050554,24,0,8,0.08935029031895159,3.302960405239846,0.4128700506549807,0.09043527126439636,,30,linear_q,8,8,8,9,7,2,1,5
395,30395,0.06425000000000003,13.082999281819408,24,0,8,0.0780851829289042,3.6469099825569886,0.4558637478196236,0.01668352773235611,,30,linear_q,8,8,8,11,5,1,0,7
396,30396,0.06187500000000001,10.100504346032928,24,0,8,-0.06835791271110869,3.1981336831005,0.3997667103875625,0.039305856763154,,30,linear_q,8,8,8,12,5,0,0,7
397,30397,0.0595,9.32936644429218,24,0,8,-0.023615090259478055,3.1920623812794364,0.39900779765992955,0.06264499745228412,,30,linear_q,8,8,8,11,6,2,1,4
398,30398,0.05712499999999998,15.717840018179494,24,0,8,0.17171600437671763,4.4497994450041825,0.5562249306255228,0.04635328044343563,,30,linear_q,8,8,8,14,2,6,0,2
399,30399,0.054750000000000076,13.170025692466572,24,0,8,0.14866824586330019,4.3555448908932455,0.5444431113616557,0.01836169973717939,,30,linear_q,8,8,8,11,5,8,0,0
400,30400,0.05237499999999995,14.737716611870187,24,0,8,0.4277140312667824,4.104062874865226,0.5130078593581533,0.014889925785911607,,30,linear_q,8,8,8,11,5,6,0,2
401,30401,0.050000000000000044,8.697830484600084,24,0,8,-0.0760060272681411,2.6169933745442298,0.3271241718180287,0.013208933735206659,,30,linear_q,8,8,8,11,5,6,1,1
402,30402,0.050000000000000044,12.786472001611692,24,0,8,0.022711570515566937,3.9903049842179903,0.4987881230272488,0.00791820789582567,,30,linear_q,8,8,8,11,5,7,0,1
403,30403,0.050000000000000044,16.19442450588039,24,0,8,0.5254559439950457,4.422979205674823,0.5528724007093528,0.2669736926288164,,30,linear_q,8,8,8,11,5,2,0,6
404,30404,0.050000000000000044,13.135302279530999,24,0,8,0.13862225476490542,3.3183833434955896,0.4147979179369487,0.04156848797626533,,30,linear_q,8,8,8,11,5,3,0,5
405,30405,0.050000000000000044,13.375337884713678,24,0,8,-0.01374268073066709,4.549719047078986,0.5687148808848732,0.00025773239928101634,,30,linear_q,8,8,8,11,6,2,0,5
406,30406,0.050000000000000044,14.448951759741995,24,0,8,0.27448228568099964,4.227016614448054,0.5283770768060068,0.22025104835063258,,30,linear_q,8,8,8,11,5,4,0,4
407,30407,0.050000000000000044,13.431240079006402,24,0,8,-0.06080742127584937,5.141974817041764,0.6427468521302205,0.04246928920661808,,30,linear_q,8,8,8,11,5,8,0,0
408,30408,0.050000000000000044,11.800798130681256,24,0,8,-0.13590805892320823,4.388141438687514,0.5485176798359392,0.16438605770619327,,30,linear_q,8,8,8,10,6,3,0,5
409,30409,0.050000000000000044,14.972452167825407,24,0,8,0.0727239398884505,5.311050705298398,0.6638813381622998,0.03509778831202503,,30,linear_q,8,8,8,11,5,6,2,0
410,30410,0.050000000000000044,10.23135542671155,24,0,8,-0.12293726576285202,4.549047369748566,0.5686309212185707,0.11060770231805654,,30,linear_q,8,8,8,11,5,8,0,0
411,30411,0.050000000000000044,15.851314281555378,24,0,8,0.19333135312876593,4.430079686270108,0.5537599607837635,0.03438287503630392,,30,linear_q,8,8,8,10,7,5,1,1
412,30412,0.050000000000000044,10.977388063259397,24,0,8,-0.07191674504144929,3.12509076093085,0.39063634511635625,0.15206828405337983,,30,linear_q,8,8,8,9,8,6,1,0
413,30413,0.050000000000000044,16.26362505320252,24,0,8,1.004135607364188,5.565439176992434,0.6956798971240542,0.2886232770330643,,30,linear_q,8,8,8,10,6,6,2,0
414,30414,0.050000000000000044,10.060760707698565,24,0,8,0.3463568901556453,2.9712938823764166,0.37141173529705207,0.05913009370410386,,30,linear_q,8,8,8,10,6,5,3,0
415,30415,0.050000000000000044,10.627463796899356,24,0,8,-0.004835844236619646,3.3567451317373806,0.4195931414671726,0.0010214776178696695,,30,linear_q,8,8,8,10,6,2,6,0
416,30416,0.050000000000000044,13.566132263161553,24,0,8,0.03676669097921348,4.138328755429125,0.5172910944286406,0.01509041268780869,,30,linear_q,8,8,8,12,4,2,5,1
417,30417,0.050000000000000044,14.08555517022512,24,0,8,0.02453701432094002,3.70636987275603,0.46329623409450377,0.029562356041383603,,30,linear_q,8,8,8,10,6,2,5,1
418,30418,0.050000000000000044,14.20436977190894,24,0,8,0.2738607018542445,3.918031433378418,0.48975392917230226,0.04614343211315325,,30,linear_q,8,8,8,9,7,2,6,0
419,30419,0.050000000000000044,14.479286195589085,24,0,8,0.32293277760650607,4.156250597613289,0.5195313247016611,0.04136558449286009,,30,linear_q,8,8,8,11,5,4,3,1
420,30420,0.050000000000000044,10.312721996617435,24,0,8,0.1405506512816337,3.30117243634272,0.41264655454284,0.23177018670990968,,30,linear_q,8,8,8,10,6,4,3,1
421,30421,0.050000000000000044,10.8079932828932,24,0,8,-0.14780593967615685,3.4900110413355954,0.4362513801669494,0.12321389960726944,,30,linear_q,8,8,8,11,6,6,0,1
422,30422,0.050000000000000044,7.741966420930082,24,0,8,0.016969150703941338,2.8857822832897884,0.36072278541122355,0.008054717247400185,,30,linear_q,8,8,8,6,11,5,1,1
423,30423,0.050000000000000044,9.867346619959315,24,0,8,0.08840112526725763,4.172082051337526,0.5215102564171907,0.019652686602511342,,30,linear_q,8,8,8,8,8,6,0,2
424,30424,0.050000000000000044,11.027393524348579,24,0,8,0.08686369408323191,3.2978627046581415,0.4122328380822677,0.013267667786084002,,30,linear_q,8,8,8,9,8,6,1,0
425,30425,0.050000000000000044,14.434059555632519,24,0,8,0.10804421423728794,3.710561600671798,0.46382020008397473,0.05079141241929718,,30,linear_q,8,8,8,9,7,8,0,0
426,30426,0.050000000000000044,13.244301069597931,24,0,8,-0.07316619745142727,4.925888654683028,0.6157360818353785,0.05476207298531698,,30,linear_q,8,8,8,10,7,7,0,0
427,30427,0.050000000000000044,14.93857860814505,24,0,8,0.28777400332146286,4.544874290315189,0.5681092862893986,0.11797633375230429,,30,linear_q,8,8,8,10,7,7,0,0
428,30428,0.050000000000000044,15.94564959352746,24,0,8,0.26127540308903363,4.913011162625876,0.6141263953282345,0.07029861078941288,,30,linear_q,8,8,8,11,5,8,0,0
429,30429,0.050000000000000044,13.303620125086368,24,0,8,0.11104695755631644,4.022799270423747,0.5028499088029684,0.04998947463778235,,30,linear_q,8,8,8,10,6,8,0,0
430,30430,0.050000000000000044,12.641575349973355,24,0,8,0.23698070127429993,4.2935092519554905,0.5366886564944363,0.0307118586440418,,30,linear_q,8,8,8,9,8,7,0,0
431,30431,0.050000000000000044,15.688309801234524,24,0,8,0.2220355512417722,4.127355996027341,0.5159194995034176,0.05446403408658826,,30,linear_q,8,8,8,9,7,8,0,0
432,30432,0.050000000000000044,15.29411932323753,24,0,8,0.2172752924564385,4.101800682118196,0.5127250852647744,0.027964375189250528,,30,linear_q,8,8,8,7,9,7,0,1
433,30433,0.050000000000000044,10.553735009873305,24,0,8,0.018468205199916543,3.915246330286266,0.48940579128578326,0.10345366513153587,,30,linear_q,8,8,8,7,9,8,0,0
434,30434,0.050000000000000044,6.091063462763653,24,0,8,-0.02543041057566464,2.598758687229687,0.3248448359037109,0.007674377467795456,,30,linear_q,8,8,8,9,9,6,0,0
435,30435,0.050000000000000044,15.242190527226041,24,0,8,0.3399862852403226,4.318244043917246,0.5397805054896557,0.04263191770300777,,30,linear_q,8,8,8,11,6,7,0,0
436,30436,0.050000000000000044,13.510985927215982,24,0,8,-0.003870852794708224,3.7010701767783534,0.46263377209729417,0.11731577863724053,,30,linear_q,8,8,8,10,6,8,0,0
437,30437,0.050000000000000044,11.116045001365322,24,0,8,-0.041670105890312836,3.334256043212957,0.41678200540161964,0.15096391260919298,,30,linear_q,8,8,8,12,5,7,0,0
438,30438,0.050000000000000044,14.530293996991052,24,0,8,0.03509275959898561,3.6721940661804275,0.45902425827255344,0.053693312066178785,,30,linear_q,8,8,8,10,7,7,0,0
439,30439,0.050000000000000044,16.203272626927216,24,0,8,0.2504208249714708,5.644519412776995,0.7055649265971243,0.25265618512129395,,30,linear_q,8,8,8,9,8,7,0,0
440,30440,0.050000000000000044,14.532237066680658,24,0,8,0.152107927489741,4.452589674277096,0.556573709284637,0.04555646545184004,,30,linear_q,8,8,8,9,7,7,1,0
441,30441,0.050000000000000044,15.773468519574159,24,0,8,0.21081223059616772,4.856105106229999,0.6070131382787499,0.03391267561748429,,30,linear_q,8,8,8,8,8,8,0,0
442,30442,0.050000000000000044,13.393877534424648,24,0,8,0.3539822138968587,4.391830033084,0.5489787541355,0.07792182160579603,,30,linear_q,8,8,8,8,8,8,0,0
443,30443,0.050000000000000044,7.822754719588274,24,0,8,-0.22556199606732186,3.741066160117657,0.4676332700147071,0.03272828130689703,,30,linear_q,8,8,8,6,10,8,0,0
444,30444,0.050000000000000044,12.546204952464912,24,0,8,0.02265089389677355,3.036712198733906,0.37958902484173823,0.023891609432696734,,30,linear_q,8,8,8,9,8,7,0,0
445,30445,0.050000000000000044,9.46489937530664,24,0,8,0.059094139416379754,3.0923782257144468,0.38654727821430585,0.025414546778105247,,30,linear_q,8,8,8,9,9,6,0,0
446,30446,0.050000000000000044,12.608059034307907,24,0,8,-0.019939944613454053,4.204801096982672,0.525600137122834,0.04290583691052217,,30,linear_q,8,8,8,8,8,6,1,1
447,30447,0.050000000000000044,13.539271193510949,24,0,8,-0.017536701720386016,3.629975639876617,0.4537469549845771,0.01569368901141252,,30,linear_q,8,8,8,9,7,4,4,0
448,30448,0.050000000000000044,16.24092378176909,24,0,8,0.35230142456851166,4.482531545623513,0.5603164432029392,0.0972508900681864,,30,linear_q,8,8,8,9,7,4,4,0
449,30449,0.050000000000000044,10.741838685023232,24,0,8,0.047162767805051686,3.064409252453594,0.38305115655669925,0.009674038811108777,,30,linear_q,8,8,8,10,6,2,6,0
450,30450,0.050000000000000044,11.838451752621133,24,0,8,-0.08566785549747014,4.245456135396076,0.5306820169245094,0.0572991187893878,,30,linear_q,8,8,8,10,6,6,2,0
451,30451,0.050000000000000044,13.908435286929517,24,0,8,0.2006500943926559,3.368263334906447,0.42103291686330585,0.055668539139626,,30,linear_q,8,8,8,9,9,6,0,0
452,30452,0.050000000000000044,11.58938783004101,24,0,8,0.25253784718685157,3.6667539895722427,0.45834424869653034,0.011184919197866464,,30,linear_q,8,8,8,7,10,7,0,0
453,30453,0.050000000000000044,16.007765438765084,24,0,8,0.28319094632923747,4.815530740276878,0.6019413425346097,0.15837054774512976,,30,linear_q,8,8,8,8,9,7,0,0
454,30454,0.050000000000000044,15.40205264605998,24,0,8,0.34302484114386367,4.758313715454487,0.5947892144318109,0.06408153917594805,,30,linear_q,8,8,8,8,8,8,0,0
455,30455,0.050000000000000044,15.10330263645559,24,0,8,0.09380817901343086,4.543277433900191,0.5679096792375239,0.14731689653194133,,30,linear_q,8,8,8,8,8,8,0,0
456,30456,0.050000000000000044,14.010099254428038,24,0,8,0.0529087608554244,4.737569011839658,0.5921961264799572,0.02765238248921904,,30,linear_q,8,8,8,9,7,8,0,0
457,30457,0.050000000000000044,12.739609415649747,24,0,8,0.12009487850091682,4.017854097842634,0.5022317622303293,0.03378499271692577,,30,linear_q,8,8,8,6,13,5,0,0
458,30458,0.050000000000000044,15.969198904059223,24,0,8,0.19200736374840055,4.701167892537288,0.587645986567161,0.1799042404338393,,30,linear_q,8,8,8,6,13,5,0,0
459,30459,0.050000000000000044,15.296325605127373,24,0,8,0.1560765020375765,4.457862118206128,0.557232764775766,0.027164085348989835,,30,linear_q,8,8,8,6,12,6,0,0
460,30460,0.050000000000000044,11.588048596799938,24,0,8,0.03146705762572122,3.2716346660654083,0.40895433325817604,0.0009180532547898211,,30,linear_q,8,8,8,8,11,5,0,0
461,30461,0.050000000000000044,12.253156009198996,24,0,8,-0.16728598576465004,4.150473623923522,0.5188092029904402,0.054599317686679985,,30,linear_q,8,8,8,8,10,6,0,0
462,30462,0.050000000000000044,13.674475097914572,24,0,8,0.04723837277302412,4.510320626752634,0.5637900783440792,0.007976745012023598,,30,linear_q,8,8,8,10,6,8,0,0
463,30463,0.050000000000000044,12.000918149885166,24,0,8,0.0876190819151974,3.469828958182864,0.433728619772858,0.011039145921827578,,30,linear_q,8,8,8,10,7,7,0,0
464,30464,0.050000000000000044,15.286659483439403,24,0,8,0.6588817172987635,4.011885091454471,0.5014856364318089,0.11505471078525445,,30,linear_q,8,8,8,8,8,8,0,0
465,30465,0.050000000000000044,15.564168045699274,24,0,8,0.18727439415361502,5.0757181529682684,0.6344647691210336,0.15062587280142667,,30,linear_q,8,8,8,7,9,8,0,0
466,30466,0.050000000000000044,15.467047859897223,24,0,8,0.18346209108419087,4.174654921572483,0.5218318651965603,0.052159581260705024,,30,linear_q,8,8,8,7,9,8,0,0
467,30467,0.050000000000000044,16.20387438797245,24,0,8,0.2504238739431708,5.716725095687599,0.7145906369609498,0.13154931229613598,,30,linear_q,8,8,8,6,10,8,0,0
468,30468,0.050000000000000044,14.504032497919312,24,0,8,0.2840297814957067,3.9545648404527323,0.49432060505659153,0.09251785803266713,,30,linear_q,8,8,8,4,12,8,0,0
469,30469,0.050000000000000044,12.012365698234106,24,0,8,0.20401645937814594,3.9789626190367366,0.4973703273795921,0.054212148936895355,,30,linear_q,8,8,8,4,12,8,0,0
470,30470,0.050000000000000044,15.455669940443027,24,0,8,0.29694203150075626,5.174679239961577,0.6468349049951971,0.14081417159839166,,30,linear_q,8,8,8,5,11,7,0,1
471,30471,0.050000000000000044,12.964501267804415,24,0,8,0.24127407050454508,4.865407761960254,0.6081759702450318,0.0830752589127683,,30,linear_q,8,8,8,6,10,8,0,0
472,30472,0.050000000000000044,16.053217356114327,24,0,8,0.316028471633679,5.722754029906649,0.7153442537383311,0.14147100401267274,,30,linear_q,8,8,8,5,11,7,1,0
473,30473,0.050000000000000044,14.578991174309285,24,0,8,0.056952923731284244,4.028566642075507,0.5035708302594384,0.04725752191635664,,30,linear_q,8,8,8,7,9,7,1,0
474,30474,0.050000000000000044,16.025862994340866,24,0,8,0.23735866132529004,4.671220595322435,0.5839025744153044,0.07084275323016836,,30,linear_q,8,8,8,7,9,8,0,0
475,30475,0.050000000000000044,16.106954771863396,24,0,8,0.368674746137474,5.00936329079766,0.6261704113497075,0.03223233084266706,,30,linear_q,8,8,8,7,9,8,0,0
476,30476,0.050000000000000044,14.825361118774099,24,0,8,0.3208029681532336,5.073869111561028,0.6342336389451285,0.07372103774991147,,30,linear_q,8,8,8,5,11,8,0,0
477,30477,0.050000000000000044,12.67459908344661,24,0,8,-0.02330626935829283,4.398766146714733,0.5498457683393416,0.09874105740537867,,30,linear_q,8,8,8,3,13,8,0,0
478,30478,0.050000000000000044,13.668100666317558,24,0,8,0.2406403475362704,4.048347246238549,0.5060434057798187,0.10434843994759217,,30,linear_q,8,8,8,4,12,8,0,0
479,30479,0.050000000000000044,12.654786962365511,24,0,8,0.20801212300961813,3.6465714835734104,0.4558214354466763,0.049098241203197085,,30,linear_q,8,8,8,7,10,7,0,0
480,30480,0.050000000000000044,13.534338221815819,24,0,8,0.09764834842861081,3.510234886092899,0.4387793607616124,0.04015198417474013,,30,linear_q,8,8,8,8,8,8,0,0
481,30481,0.050000000000000044,15.078125705833049,24,0,8,0.08237100583130275,4.963228521905166,0.6204035652381458,0.030261482919678638,,30,linear_q,8,8,8,7,9,8,0,0
482,30482,0.050000000000000044,16.01016722981566,24,0,8,0.24788774368031774,5.228451015966627,0.6535563769958284,0.12722185398555774,,30,linear_q,8,8,8,6,10,7,1,0
483,30483,0.050000000000000044,15.982301225646548,24,0,8,0.2965624737983168,5.3470064568365485,0.6683758071045686,0.0388003166292708,,30,linear_q,8,8,8,5,12,7,0,0
484,30484,0.050000000000000044,13.203404789716659,24,0,8,0.08071390425697,3.2291156938797503,0.4036394617349688,0.03442774705799047,,30,linear_q,8,8,8,6,11,6,0,1
485,30485,0.050000000000000044,13.364170554187545,24,0,8,0.19243978225379443,3.7436776045584175,0.4679597005698022,0.013553476551235741,,30,linear_q,8,8,8,5,11,8,0,0
486,30486,0.050000000000000044,7.860548186004959,24,0,8,-0.04880710666162669,3.2238404532334766,0.40298005665418457,0.019817688238594026,,30,linear_q,8,8,8,7,9,7,1,0
487,30487,0.050000000000000044,15.37210109343241,24,0,8,0.1106728684946856,3.637845302908635,0.4547306628635794,0.02976989901411459,,30,linear_q,8,8,8,8,8,8,0,0
488,30488,0.050000000000000044,16.056567415134097,24,0,8,0.3260944401776298,5.568548240960321,0.6960685301200401,0.01926608572363002,,30,linear_q,8,8,8,9,7,7,0,1
489,30489,0.050000000000000044,14.242423264281655,24,0,8,0.39298180070949806,4.106588010785117,0.5133235013481396,0.12005395514511509,,30,linear_q,8,8,8,7,9,8,0,0
490,30490,0.050000000000000044,14.411314448231437,24,0,8,0.08445420432929662,4.472218131867881,0.5590272664834851,0.030927579616763054,,30,linear_q,8,8,8,5,11,8,0,0
491,30491,0.050000000000000044,14.494476957884235,24,0,8,0.19902703027151558,3.8198853263319306,0.4774856657914913,0.03271259128869545,,30,linear_q,8,8,8,5,11,8,0,0
492,30492,0.050000000000000044,12.373941312917013,24,0,8,-0.11453909008092467,4.724415583908708,0.5905519479885885,0.18538565647425917,,30,linear_q,8,8,8,7,9,8,0,0
493,30493,0.050000000000000044,10.936397911416895,24,0,8,0.07708026476765495,3.370145364406114,0.42126817055076426,0.048615933144938214,,30,linear_q,8,8,8,9,8,6,1,0
494,30494,0.050000000000000044,13.7946027253641,24,0,8,0.07680743417209124,3.9612983297702,0.495162291221275,0.0199928643525534,,30,linear_q,8,8,8,9,7,6,2,0
495,30495,0.050000000000000044,11.61775380275448,24,0,8,0.12435467009837353,4.334782814584944,0.541847851823118,8.33532783415896e-05,,30,linear_q,8,8,8,9,8,7,0,0
496,30496,0.050000000000000044,12.085307107884894,24,0,8,0.08011374419839878,4.101748513877765,0.5127185642347206,0.12022707880946618,,30,linear_q,8,8,8,11,6,7,0,0
497,30497,0.050000000000000044,12.114233870030013,24,0,8,0.05968451445769851,3.387640683301939,0.42345508541274235,0.037611790276331776,,30,linear_q,8,8,8,11,5,8,0,0
498,30498,0.050000000000000044,16.182894504466468,24,0,8,0.5648036959943692,4.95788268344505,0.6197353354306312,0.08763126647711565,,30,linear_q,8,8,8,8,8,8,0,0
499,30499,0.050000000000000044,13.598462496703833,24,0,8,0.026074730057277673,3.8881528703747144,0.4860191087968393,0.03531385736021503,,30,linear_q,8,8,8,8,8,8,0,0
500,30500,0.050000000000000044,14.9747677705972,24,0,8,0.18732820090348667,4.017428067637681,0.5021785084547101,0.13934396754884681,,30,linear_q,8,8,8,7,9,8,0,0
